{
    "ts": "2026-02-24T23:21:49+00:00",
    "stage": "immediate_check_at_include",
    "type": "NULL",
    "preview": null,
    "memory_get_usage": 27053048,
    "included_files_count": 395,
    "included_files": [
        "/home/customer/www/peoplerun.ai/public_html/wp-load.php",
        "/home/customer/www/peoplerun.ai/public_html/wp-config.php",
        "/var/lib/sec/wp-settings-pre.php",
        "/home/customer/www/peoplerun.ai/public_html/wp-settings.php",
        "/home/customer/www/peoplerun.ai/public_html/wp-includes/version.php",
        "/home/customer/www/peoplerun.ai/public_html/wp-includes/compat-utf8.php",
        "/home/customer/www/peoplerun.ai/public_html/wp-includes/compat.php",
        "/home/customer/www/peoplerun.ai/public_html/wp-includes/load.php",
        "/home/customer/www/peoplerun.ai/public_html/wp-includes/class-wp-paused-extensions-storage.php",
        "/home/customer/www/peoplerun.ai/public_html/wp-includes/class-wp-exception.php",
        "/home/customer/www/peoplerun.ai/public_html/wp-includes/class-wp-fatal-error-handler.php",
        "/home/customer/www/peoplerun.ai/public_html/wp-includes/class-wp-recovery-mode-cookie-service.php",
        "/home/customer/www/peoplerun.ai/public_html/wp-includes/class-wp-recovery-mode-key-service.php",
        "/home/customer/www/peoplerun.ai/public_html/wp-includes/class-wp-recovery-mode-link-service.php",
        "/home/customer/www/peoplerun.ai/public_html/wp-includes/class-wp-recovery-mode-email-service.php",
        "/home/customer/www/peoplerun.ai/public_html/wp-includes/class-wp-recovery-mode.php",
        "/home/customer/www/peoplerun.ai/public_html/wp-includes/error-protection.php",
        "/home/customer/www/peoplerun.ai/public_html/wp-includes/default-constants.php",
        "/home/customer/www/peoplerun.ai/public_html/wp-includes/plugin.php",
        "/home/customer/www/peoplerun.ai/public_html/wp-includes/class-wp-hook.php",
        "/home/customer/www/peoplerun.ai/public_html/wp-includes/class-wp-list-util.php",
        "/home/customer/www/peoplerun.ai/public_html/wp-includes/class-wp-token-map.php",
        "/home/customer/www/peoplerun.ai/public_html/wp-includes/utf8.php",
        "/home/customer/www/peoplerun.ai/public_html/wp-includes/formatting.php",
        "/home/customer/www/peoplerun.ai/public_html/wp-includes/meta.php",
        "/home/customer/www/peoplerun.ai/public_html/wp-includes/class-wp-metadata-lazyloader.php",
        "/home/customer/www/peoplerun.ai/public_html/wp-includes/functions.php",
        "/home/customer/www/peoplerun.ai/public_html/wp-includes/option.php",
        "/home/customer/www/peoplerun.ai/public_html/wp-includes/class-wp-meta-query.php",
        "/home/customer/www/peoplerun.ai/public_html/wp-includes/class-wp-matchesmapregex.php",
        "/home/customer/www/peoplerun.ai/public_html/wp-includes/class-wp.php",
        "/home/customer/www/peoplerun.ai/public_html/wp-includes/class-wp-error.php",
        "/home/customer/www/peoplerun.ai/public_html/wp-includes/pomo/mo.php",
        "/home/customer/www/peoplerun.ai/public_html/wp-includes/pomo/translations.php",
        "/home/customer/www/peoplerun.ai/public_html/wp-includes/pomo/plural-forms.php",
        "/home/customer/www/peoplerun.ai/public_html/wp-includes/pomo/entry.php",
        "/home/customer/www/peoplerun.ai/public_html/wp-includes/pomo/streams.php",
        "/home/customer/www/peoplerun.ai/public_html/wp-includes/l10n/class-wp-translation-controller.php",
        "/home/customer/www/peoplerun.ai/public_html/wp-includes/l10n/class-wp-translations.php",
        "/home/customer/www/peoplerun.ai/public_html/wp-includes/l10n/class-wp-translation-file.php",
        "/home/customer/www/peoplerun.ai/public_html/wp-includes/l10n/class-wp-translation-file-mo.php",
        "/home/customer/www/peoplerun.ai/public_html/wp-includes/l10n/class-wp-translation-file-php.php",
        "/home/customer/www/peoplerun.ai/public_html/wp-includes/class-wpdb.php",
        "/home/customer/www/peoplerun.ai/public_html/wp-includes/cache.php",
        "/home/customer/www/peoplerun.ai/public_html/wp-includes/class-wp-object-cache.php",
        "/home/customer/www/peoplerun.ai/public_html/wp-includes/cache-compat.php",
        "/home/customer/www/peoplerun.ai/public_html/wp-includes/default-filters.php",
        "/home/customer/www/peoplerun.ai/public_html/wp-includes/l10n.php",
        "/home/customer/www/peoplerun.ai/public_html/wp-includes/class-wp-textdomain-registry.php",
        "/home/customer/www/peoplerun.ai/public_html/wp-includes/class-wp-locale.php",
        "/home/customer/www/peoplerun.ai/public_html/wp-includes/class-wp-locale-switcher.php",
        "/home/customer/www/peoplerun.ai/public_html/wp-includes/class-wp-walker.php",
        "/home/customer/www/peoplerun.ai/public_html/wp-includes/class-wp-ajax-response.php",
        "/home/customer/www/peoplerun.ai/public_html/wp-includes/capabilities.php",
        "/home/customer/www/peoplerun.ai/public_html/wp-includes/class-wp-roles.php",
        "/home/customer/www/peoplerun.ai/public_html/wp-includes/class-wp-role.php",
        "/home/customer/www/peoplerun.ai/public_html/wp-includes/class-wp-user.php",
        "/home/customer/www/peoplerun.ai/public_html/wp-includes/class-wp-query.php",
        "/home/customer/www/peoplerun.ai/public_html/wp-includes/query.php",
        "/home/customer/www/peoplerun.ai/public_html/wp-includes/class-wp-date-query.php",
        "/home/customer/www/peoplerun.ai/public_html/wp-includes/theme.php",
        "/home/customer/www/peoplerun.ai/public_html/wp-includes/class-wp-theme.php",
        "/home/customer/www/peoplerun.ai/public_html/wp-includes/class-wp-theme-json-schema.php",
        "/home/customer/www/peoplerun.ai/public_html/wp-includes/class-wp-theme-json-data.php",
        "/home/customer/www/peoplerun.ai/public_html/wp-includes/class-wp-theme-json.php",
        "/home/customer/www/peoplerun.ai/public_html/wp-includes/class-wp-theme-json-resolver.php",
        "/home/customer/www/peoplerun.ai/public_html/wp-includes/class-wp-duotone.php",
        "/home/customer/www/peoplerun.ai/public_html/wp-includes/global-styles-and-settings.php",
        "/home/customer/www/peoplerun.ai/public_html/wp-includes/class-wp-block-template.php",
        "/home/customer/www/peoplerun.ai/public_html/wp-includes/class-wp-block-templates-registry.php",
        "/home/customer/www/peoplerun.ai/public_html/wp-includes/block-template-utils.php",
        "/home/customer/www/peoplerun.ai/public_html/wp-includes/block-template.php",
        "/home/customer/www/peoplerun.ai/public_html/wp-includes/theme-templates.php",
        "/home/customer/www/peoplerun.ai/public_html/wp-includes/theme-previews.php",
        "/home/customer/www/peoplerun.ai/public_html/wp-includes/template.php",
        "/home/customer/www/peoplerun.ai/public_html/wp-includes/https-detection.php",
        "/home/customer/www/peoplerun.ai/public_html/wp-includes/https-migration.php",
        "/home/customer/www/peoplerun.ai/public_html/wp-includes/class-wp-user-request.php",
        "/home/customer/www/peoplerun.ai/public_html/wp-includes/user.php",
        "/home/customer/www/peoplerun.ai/public_html/wp-includes/class-wp-user-query.php",
        "/home/customer/www/peoplerun.ai/public_html/wp-includes/class-wp-session-tokens.php",
        "/home/customer/www/peoplerun.ai/public_html/wp-includes/class-wp-user-meta-session-tokens.php",
        "/home/customer/www/peoplerun.ai/public_html/wp-includes/general-template.php",
        "/home/customer/www/peoplerun.ai/public_html/wp-includes/link-template.php",
        "/home/customer/www/peoplerun.ai/public_html/wp-includes/author-template.php",
        "/home/customer/www/peoplerun.ai/public_html/wp-includes/robots-template.php",
        "/home/customer/www/peoplerun.ai/public_html/wp-includes/post.php",
        "/home/customer/www/peoplerun.ai/public_html/wp-includes/class-walker-page.php",
        "/home/customer/www/peoplerun.ai/public_html/wp-includes/class-walker-page-dropdown.php",
        "/home/customer/www/peoplerun.ai/public_html/wp-includes/class-wp-post-type.php",
        "/home/customer/www/peoplerun.ai/public_html/wp-includes/class-wp-post.php",
        "/home/customer/www/peoplerun.ai/public_html/wp-includes/post-template.php",
        "/home/customer/www/peoplerun.ai/public_html/wp-includes/revision.php",
        "/home/customer/www/peoplerun.ai/public_html/wp-includes/post-formats.php",
        "/home/customer/www/peoplerun.ai/public_html/wp-includes/post-thumbnail-template.php",
        "/home/customer/www/peoplerun.ai/public_html/wp-includes/category.php",
        "/home/customer/www/peoplerun.ai/public_html/wp-includes/class-walker-category.php",
        "/home/customer/www/peoplerun.ai/public_html/wp-includes/class-walker-category-dropdown.php",
        "/home/customer/www/peoplerun.ai/public_html/wp-includes/category-template.php",
        "/home/customer/www/peoplerun.ai/public_html/wp-includes/comment.php",
        "/home/customer/www/peoplerun.ai/public_html/wp-includes/class-wp-comment.php",
        "/home/customer/www/peoplerun.ai/public_html/wp-includes/class-wp-comment-query.php",
        "/home/customer/www/peoplerun.ai/public_html/wp-includes/class-walker-comment.php",
        "/home/customer/www/peoplerun.ai/public_html/wp-includes/comment-template.php",
        "/home/customer/www/peoplerun.ai/public_html/wp-includes/rewrite.php",
        "/home/customer/www/peoplerun.ai/public_html/wp-includes/class-wp-rewrite.php",
        "/home/customer/www/peoplerun.ai/public_html/wp-includes/feed.php",
        "/home/customer/www/peoplerun.ai/public_html/wp-includes/bookmark.php",
        "/home/customer/www/peoplerun.ai/public_html/wp-includes/bookmark-template.php",
        "/home/customer/www/peoplerun.ai/public_html/wp-includes/kses.php",
        "/home/customer/www/peoplerun.ai/public_html/wp-includes/cron.php",
        "/home/customer/www/peoplerun.ai/public_html/wp-includes/deprecated.php",
        "/home/customer/www/peoplerun.ai/public_html/wp-includes/script-loader.php",
        "/home/customer/www/peoplerun.ai/public_html/wp-includes/class-wp-dependency.php",
        "/home/customer/www/peoplerun.ai/public_html/wp-includes/class-wp-dependencies.php",
        "/home/customer/www/peoplerun.ai/public_html/wp-includes/class-wp-scripts.php",
        "/home/customer/www/peoplerun.ai/public_html/wp-includes/functions.wp-scripts.php",
        "/home/customer/www/peoplerun.ai/public_html/wp-includes/class-wp-styles.php",
        "/home/customer/www/peoplerun.ai/public_html/wp-includes/functions.wp-styles.php",
        "/home/customer/www/peoplerun.ai/public_html/wp-includes/taxonomy.php"
    ],
    "backtrace": [
        {
            "file": "/home/customer/www/peoplerun.ai/public_html/wp-content/mu-plugins/debug-wp-rewrite-verbose.php",
            "line": 56,
            "function": "{closure}",
            "class": null
        },
        {
            "file": "/home/customer/www/peoplerun.ai/public_html/wp-settings.php",
            "line": 471,
            "function": "include_once",
            "class": null
        },
        {
            "file": "/home/customer/www/peoplerun.ai/public_html/wp-config.php",
            "line": 132,
            "function": "require_once",
            "class": null
        },
        {
            "file": "/home/customer/www/peoplerun.ai/public_html/wp-load.php",
            "line": 50,
            "function": "require_once",
            "class": null
        },
        {
            "file": "Command line code",
            "line": 1,
            "function": "require",
            "class": null
        }
    ],
    "env": {
        "SAPI": "cli",
        "argv": [
            "Standard input code"
        ]
    }
}
{
    "ts": "2026-02-24T23:21:49+00:00",
    "stage": "muplugins_loaded",
    "type": "NULL",
    "preview": null,
    "memory_get_usage": 27049784,
    "included_files_count": 396,
    "included_files": [
        "/home/customer/www/peoplerun.ai/public_html/wp-load.php",
        "/home/customer/www/peoplerun.ai/public_html/wp-config.php",
        "/var/lib/sec/wp-settings-pre.php",
        "/home/customer/www/peoplerun.ai/public_html/wp-settings.php",
        "/home/customer/www/peoplerun.ai/public_html/wp-includes/version.php",
        "/home/customer/www/peoplerun.ai/public_html/wp-includes/compat-utf8.php",
        "/home/customer/www/peoplerun.ai/public_html/wp-includes/compat.php",
        "/home/customer/www/peoplerun.ai/public_html/wp-includes/load.php",
        "/home/customer/www/peoplerun.ai/public_html/wp-includes/class-wp-paused-extensions-storage.php",
        "/home/customer/www/peoplerun.ai/public_html/wp-includes/class-wp-exception.php",
        "/home/customer/www/peoplerun.ai/public_html/wp-includes/class-wp-fatal-error-handler.php",
        "/home/customer/www/peoplerun.ai/public_html/wp-includes/class-wp-recovery-mode-cookie-service.php",
        "/home/customer/www/peoplerun.ai/public_html/wp-includes/class-wp-recovery-mode-key-service.php",
        "/home/customer/www/peoplerun.ai/public_html/wp-includes/class-wp-recovery-mode-link-service.php",
        "/home/customer/www/peoplerun.ai/public_html/wp-includes/class-wp-recovery-mode-email-service.php",
        "/home/customer/www/peoplerun.ai/public_html/wp-includes/class-wp-recovery-mode.php",
        "/home/customer/www/peoplerun.ai/public_html/wp-includes/error-protection.php",
        "/home/customer/www/peoplerun.ai/public_html/wp-includes/default-constants.php",
        "/home/customer/www/peoplerun.ai/public_html/wp-includes/plugin.php",
        "/home/customer/www/peoplerun.ai/public_html/wp-includes/class-wp-hook.php",
        "/home/customer/www/peoplerun.ai/public_html/wp-includes/class-wp-list-util.php",
        "/home/customer/www/peoplerun.ai/public_html/wp-includes/class-wp-token-map.php",
        "/home/customer/www/peoplerun.ai/public_html/wp-includes/utf8.php",
        "/home/customer/www/peoplerun.ai/public_html/wp-includes/formatting.php",
        "/home/customer/www/peoplerun.ai/public_html/wp-includes/meta.php",
        "/home/customer/www/peoplerun.ai/public_html/wp-includes/class-wp-metadata-lazyloader.php",
        "/home/customer/www/peoplerun.ai/public_html/wp-includes/functions.php",
        "/home/customer/www/peoplerun.ai/public_html/wp-includes/option.php",
        "/home/customer/www/peoplerun.ai/public_html/wp-includes/class-wp-meta-query.php",
        "/home/customer/www/peoplerun.ai/public_html/wp-includes/class-wp-matchesmapregex.php",
        "/home/customer/www/peoplerun.ai/public_html/wp-includes/class-wp.php",
        "/home/customer/www/peoplerun.ai/public_html/wp-includes/class-wp-error.php",
        "/home/customer/www/peoplerun.ai/public_html/wp-includes/pomo/mo.php",
        "/home/customer/www/peoplerun.ai/public_html/wp-includes/pomo/translations.php",
        "/home/customer/www/peoplerun.ai/public_html/wp-includes/pomo/plural-forms.php",
        "/home/customer/www/peoplerun.ai/public_html/wp-includes/pomo/entry.php",
        "/home/customer/www/peoplerun.ai/public_html/wp-includes/pomo/streams.php",
        "/home/customer/www/peoplerun.ai/public_html/wp-includes/l10n/class-wp-translation-controller.php",
        "/home/customer/www/peoplerun.ai/public_html/wp-includes/l10n/class-wp-translations.php",
        "/home/customer/www/peoplerun.ai/public_html/wp-includes/l10n/class-wp-translation-file.php",
        "/home/customer/www/peoplerun.ai/public_html/wp-includes/l10n/class-wp-translation-file-mo.php",
        "/home/customer/www/peoplerun.ai/public_html/wp-includes/l10n/class-wp-translation-file-php.php",
        "/home/customer/www/peoplerun.ai/public_html/wp-includes/class-wpdb.php",
        "/home/customer/www/peoplerun.ai/public_html/wp-includes/cache.php",
        "/home/customer/www/peoplerun.ai/public_html/wp-includes/class-wp-object-cache.php",
        "/home/customer/www/peoplerun.ai/public_html/wp-includes/cache-compat.php",
        "/home/customer/www/peoplerun.ai/public_html/wp-includes/default-filters.php",
        "/home/customer/www/peoplerun.ai/public_html/wp-includes/l10n.php",
        "/home/customer/www/peoplerun.ai/public_html/wp-includes/class-wp-textdomain-registry.php",
        "/home/customer/www/peoplerun.ai/public_html/wp-includes/class-wp-locale.php",
        "/home/customer/www/peoplerun.ai/public_html/wp-includes/class-wp-locale-switcher.php",
        "/home/customer/www/peoplerun.ai/public_html/wp-includes/class-wp-walker.php",
        "/home/customer/www/peoplerun.ai/public_html/wp-includes/class-wp-ajax-response.php",
        "/home/customer/www/peoplerun.ai/public_html/wp-includes/capabilities.php",
        "/home/customer/www/peoplerun.ai/public_html/wp-includes/class-wp-roles.php",
        "/home/customer/www/peoplerun.ai/public_html/wp-includes/class-wp-role.php",
        "/home/customer/www/peoplerun.ai/public_html/wp-includes/class-wp-user.php",
        "/home/customer/www/peoplerun.ai/public_html/wp-includes/class-wp-query.php",
        "/home/customer/www/peoplerun.ai/public_html/wp-includes/query.php",
        "/home/customer/www/peoplerun.ai/public_html/wp-includes/class-wp-date-query.php",
        "/home/customer/www/peoplerun.ai/public_html/wp-includes/theme.php",
        "/home/customer/www/peoplerun.ai/public_html/wp-includes/class-wp-theme.php",
        "/home/customer/www/peoplerun.ai/public_html/wp-includes/class-wp-theme-json-schema.php",
        "/home/customer/www/peoplerun.ai/public_html/wp-includes/class-wp-theme-json-data.php",
        "/home/customer/www/peoplerun.ai/public_html/wp-includes/class-wp-theme-json.php",
        "/home/customer/www/peoplerun.ai/public_html/wp-includes/class-wp-theme-json-resolver.php",
        "/home/customer/www/peoplerun.ai/public_html/wp-includes/class-wp-duotone.php",
        "/home/customer/www/peoplerun.ai/public_html/wp-includes/global-styles-and-settings.php",
        "/home/customer/www/peoplerun.ai/public_html/wp-includes/class-wp-block-template.php",
        "/home/customer/www/peoplerun.ai/public_html/wp-includes/class-wp-block-templates-registry.php",
        "/home/customer/www/peoplerun.ai/public_html/wp-includes/block-template-utils.php",
        "/home/customer/www/peoplerun.ai/public_html/wp-includes/block-template.php",
        "/home/customer/www/peoplerun.ai/public_html/wp-includes/theme-templates.php",
        "/home/customer/www/peoplerun.ai/public_html/wp-includes/theme-previews.php",
        "/home/customer/www/peoplerun.ai/public_html/wp-includes/template.php",
        "/home/customer/www/peoplerun.ai/public_html/wp-includes/https-detection.php",
        "/home/customer/www/peoplerun.ai/public_html/wp-includes/https-migration.php",
        "/home/customer/www/peoplerun.ai/public_html/wp-includes/class-wp-user-request.php",
        "/home/customer/www/peoplerun.ai/public_html/wp-includes/user.php",
        "/home/customer/www/peoplerun.ai/public_html/wp-includes/class-wp-user-query.php",
        "/home/customer/www/peoplerun.ai/public_html/wp-includes/class-wp-session-tokens.php",
        "/home/customer/www/peoplerun.ai/public_html/wp-includes/class-wp-user-meta-session-tokens.php",
        "/home/customer/www/peoplerun.ai/public_html/wp-includes/general-template.php",
        "/home/customer/www/peoplerun.ai/public_html/wp-includes/link-template.php",
        "/home/customer/www/peoplerun.ai/public_html/wp-includes/author-template.php",
        "/home/customer/www/peoplerun.ai/public_html/wp-includes/robots-template.php",
        "/home/customer/www/peoplerun.ai/public_html/wp-includes/post.php",
        "/home/customer/www/peoplerun.ai/public_html/wp-includes/class-walker-page.php",
        "/home/customer/www/peoplerun.ai/public_html/wp-includes/class-walker-page-dropdown.php",
        "/home/customer/www/peoplerun.ai/public_html/wp-includes/class-wp-post-type.php",
        "/home/customer/www/peoplerun.ai/public_html/wp-includes/class-wp-post.php",
        "/home/customer/www/peoplerun.ai/public_html/wp-includes/post-template.php",
        "/home/customer/www/peoplerun.ai/public_html/wp-includes/revision.php",
        "/home/customer/www/peoplerun.ai/public_html/wp-includes/post-formats.php",
        "/home/customer/www/peoplerun.ai/public_html/wp-includes/post-thumbnail-template.php",
        "/home/customer/www/peoplerun.ai/public_html/wp-includes/category.php",
        "/home/customer/www/peoplerun.ai/public_html/wp-includes/class-walker-category.php",
        "/home/customer/www/peoplerun.ai/public_html/wp-includes/class-walker-category-dropdown.php",
        "/home/customer/www/peoplerun.ai/public_html/wp-includes/category-template.php",
        "/home/customer/www/peoplerun.ai/public_html/wp-includes/comment.php",
        "/home/customer/www/peoplerun.ai/public_html/wp-includes/class-wp-comment.php",
        "/home/customer/www/peoplerun.ai/public_html/wp-includes/class-wp-comment-query.php",
        "/home/customer/www/peoplerun.ai/public_html/wp-includes/class-walker-comment.php",
        "/home/customer/www/peoplerun.ai/public_html/wp-includes/comment-template.php",
        "/home/customer/www/peoplerun.ai/public_html/wp-includes/rewrite.php",
        "/home/customer/www/peoplerun.ai/public_html/wp-includes/class-wp-rewrite.php",
        "/home/customer/www/peoplerun.ai/public_html/wp-includes/feed.php",
        "/home/customer/www/peoplerun.ai/public_html/wp-includes/bookmark.php",
        "/home/customer/www/peoplerun.ai/public_html/wp-includes/bookmark-template.php",
        "/home/customer/www/peoplerun.ai/public_html/wp-includes/kses.php",
        "/home/customer/www/peoplerun.ai/public_html/wp-includes/cron.php",
        "/home/customer/www/peoplerun.ai/public_html/wp-includes/deprecated.php",
        "/home/customer/www/peoplerun.ai/public_html/wp-includes/script-loader.php",
        "/home/customer/www/peoplerun.ai/public_html/wp-includes/class-wp-dependency.php",
        "/home/customer/www/peoplerun.ai/public_html/wp-includes/class-wp-dependencies.php",
        "/home/customer/www/peoplerun.ai/public_html/wp-includes/class-wp-scripts.php",
        "/home/customer/www/peoplerun.ai/public_html/wp-includes/functions.wp-scripts.php",
        "/home/customer/www/peoplerun.ai/public_html/wp-includes/class-wp-styles.php",
        "/home/customer/www/peoplerun.ai/public_html/wp-includes/functions.wp-styles.php",
        "/home/customer/www/peoplerun.ai/public_html/wp-includes/taxonomy.php"
    ],
    "backtrace": [
        {
            "file": "/home/customer/www/peoplerun.ai/public_html/wp-content/mu-plugins/debug-wp-rewrite-verbose.php",
            "line": 48,
            "function": "{closure}",
            "class": null
        },
        {
            "file": "/home/customer/www/peoplerun.ai/public_html/wp-includes/class-wp-hook.php",
            "line": 341,
            "function": "{closure}",
            "class": null
        },
        {
            "file": "/home/customer/www/peoplerun.ai/public_html/wp-includes/class-wp-hook.php",
            "line": 365,
            "function": "apply_filters",
            "class": "WP_Hook"
        },
        {
            "file": "/home/customer/www/peoplerun.ai/public_html/wp-includes/plugin.php",
            "line": 522,
            "function": "do_action",
            "class": "WP_Hook"
        },
        {
            "file": "/home/customer/www/peoplerun.ai/public_html/wp-settings.php",
            "line": 511,
            "function": "do_action",
            "class": null
        },
        {
            "file": "/home/customer/www/peoplerun.ai/public_html/wp-config.php",
            "line": 132,
            "function": "require_once",
            "class": null
        },
        {
            "file": "/home/customer/www/peoplerun.ai/public_html/wp-load.php",
            "line": 50,
            "function": "require_once",
            "class": null
        },
        {
            "file": "Command line code",
            "line": 1,
            "function": "require",
            "class": null
        }
    ],
    "env": {
        "SAPI": "cli",
        "argv": [
            "Standard input code"
        ]
    }
}
{
    "ts": "2026-02-24T23:21:49+00:00",
    "stage": "plugins_loaded",
    "type": "NULL",
    "preview": null,
    "memory_get_usage": 28468800,
    "included_files_count": 421,
    "included_files": [
        "/home/customer/www/peoplerun.ai/public_html/wp-load.php",
        "/home/customer/www/peoplerun.ai/public_html/wp-config.php",
        "/var/lib/sec/wp-settings-pre.php",
        "/home/customer/www/peoplerun.ai/public_html/wp-settings.php",
        "/home/customer/www/peoplerun.ai/public_html/wp-includes/version.php",
        "/home/customer/www/peoplerun.ai/public_html/wp-includes/compat-utf8.php",
        "/home/customer/www/peoplerun.ai/public_html/wp-includes/compat.php",
        "/home/customer/www/peoplerun.ai/public_html/wp-includes/load.php",
        "/home/customer/www/peoplerun.ai/public_html/wp-includes/class-wp-paused-extensions-storage.php",
        "/home/customer/www/peoplerun.ai/public_html/wp-includes/class-wp-exception.php",
        "/home/customer/www/peoplerun.ai/public_html/wp-includes/class-wp-fatal-error-handler.php",
        "/home/customer/www/peoplerun.ai/public_html/wp-includes/class-wp-recovery-mode-cookie-service.php",
        "/home/customer/www/peoplerun.ai/public_html/wp-includes/class-wp-recovery-mode-key-service.php",
        "/home/customer/www/peoplerun.ai/public_html/wp-includes/class-wp-recovery-mode-link-service.php",
        "/home/customer/www/peoplerun.ai/public_html/wp-includes/class-wp-recovery-mode-email-service.php",
        "/home/customer/www/peoplerun.ai/public_html/wp-includes/class-wp-recovery-mode.php",
        "/home/customer/www/peoplerun.ai/public_html/wp-includes/error-protection.php",
        "/home/customer/www/peoplerun.ai/public_html/wp-includes/default-constants.php",
        "/home/customer/www/peoplerun.ai/public_html/wp-includes/plugin.php",
        "/home/customer/www/peoplerun.ai/public_html/wp-includes/class-wp-hook.php",
        "/home/customer/www/peoplerun.ai/public_html/wp-includes/class-wp-list-util.php",
        "/home/customer/www/peoplerun.ai/public_html/wp-includes/class-wp-token-map.php",
        "/home/customer/www/peoplerun.ai/public_html/wp-includes/utf8.php",
        "/home/customer/www/peoplerun.ai/public_html/wp-includes/formatting.php",
        "/home/customer/www/peoplerun.ai/public_html/wp-includes/meta.php",
        "/home/customer/www/peoplerun.ai/public_html/wp-includes/class-wp-metadata-lazyloader.php",
        "/home/customer/www/peoplerun.ai/public_html/wp-includes/functions.php",
        "/home/customer/www/peoplerun.ai/public_html/wp-includes/option.php",
        "/home/customer/www/peoplerun.ai/public_html/wp-includes/class-wp-meta-query.php",
        "/home/customer/www/peoplerun.ai/public_html/wp-includes/class-wp-matchesmapregex.php",
        "/home/customer/www/peoplerun.ai/public_html/wp-includes/class-wp.php",
        "/home/customer/www/peoplerun.ai/public_html/wp-includes/class-wp-error.php",
        "/home/customer/www/peoplerun.ai/public_html/wp-includes/pomo/mo.php",
        "/home/customer/www/peoplerun.ai/public_html/wp-includes/pomo/translations.php",
        "/home/customer/www/peoplerun.ai/public_html/wp-includes/pomo/plural-forms.php",
        "/home/customer/www/peoplerun.ai/public_html/wp-includes/pomo/entry.php",
        "/home/customer/www/peoplerun.ai/public_html/wp-includes/pomo/streams.php",
        "/home/customer/www/peoplerun.ai/public_html/wp-includes/l10n/class-wp-translation-controller.php",
        "/home/customer/www/peoplerun.ai/public_html/wp-includes/l10n/class-wp-translations.php",
        "/home/customer/www/peoplerun.ai/public_html/wp-includes/l10n/class-wp-translation-file.php",
        "/home/customer/www/peoplerun.ai/public_html/wp-includes/l10n/class-wp-translation-file-mo.php",
        "/home/customer/www/peoplerun.ai/public_html/wp-includes/l10n/class-wp-translation-file-php.php",
        "/home/customer/www/peoplerun.ai/public_html/wp-includes/class-wpdb.php",
        "/home/customer/www/peoplerun.ai/public_html/wp-includes/cache.php",
        "/home/customer/www/peoplerun.ai/public_html/wp-includes/class-wp-object-cache.php",
        "/home/customer/www/peoplerun.ai/public_html/wp-includes/cache-compat.php",
        "/home/customer/www/peoplerun.ai/public_html/wp-includes/default-filters.php",
        "/home/customer/www/peoplerun.ai/public_html/wp-includes/l10n.php",
        "/home/customer/www/peoplerun.ai/public_html/wp-includes/class-wp-textdomain-registry.php",
        "/home/customer/www/peoplerun.ai/public_html/wp-includes/class-wp-locale.php",
        "/home/customer/www/peoplerun.ai/public_html/wp-includes/class-wp-locale-switcher.php",
        "/home/customer/www/peoplerun.ai/public_html/wp-includes/class-wp-walker.php",
        "/home/customer/www/peoplerun.ai/public_html/wp-includes/class-wp-ajax-response.php",
        "/home/customer/www/peoplerun.ai/public_html/wp-includes/capabilities.php",
        "/home/customer/www/peoplerun.ai/public_html/wp-includes/class-wp-roles.php",
        "/home/customer/www/peoplerun.ai/public_html/wp-includes/class-wp-role.php",
        "/home/customer/www/peoplerun.ai/public_html/wp-includes/class-wp-user.php",
        "/home/customer/www/peoplerun.ai/public_html/wp-includes/class-wp-query.php",
        "/home/customer/www/peoplerun.ai/public_html/wp-includes/query.php",
        "/home/customer/www/peoplerun.ai/public_html/wp-includes/class-wp-date-query.php",
        "/home/customer/www/peoplerun.ai/public_html/wp-includes/theme.php",
        "/home/customer/www/peoplerun.ai/public_html/wp-includes/class-wp-theme.php",
        "/home/customer/www/peoplerun.ai/public_html/wp-includes/class-wp-theme-json-schema.php",
        "/home/customer/www/peoplerun.ai/public_html/wp-includes/class-wp-theme-json-data.php",
        "/home/customer/www/peoplerun.ai/public_html/wp-includes/class-wp-theme-json.php",
        "/home/customer/www/peoplerun.ai/public_html/wp-includes/class-wp-theme-json-resolver.php",
        "/home/customer/www/peoplerun.ai/public_html/wp-includes/class-wp-duotone.php",
        "/home/customer/www/peoplerun.ai/public_html/wp-includes/global-styles-and-settings.php",
        "/home/customer/www/peoplerun.ai/public_html/wp-includes/class-wp-block-template.php",
        "/home/customer/www/peoplerun.ai/public_html/wp-includes/class-wp-block-templates-registry.php",
        "/home/customer/www/peoplerun.ai/public_html/wp-includes/block-template-utils.php",
        "/home/customer/www/peoplerun.ai/public_html/wp-includes/block-template.php",
        "/home/customer/www/peoplerun.ai/public_html/wp-includes/theme-templates.php",
        "/home/customer/www/peoplerun.ai/public_html/wp-includes/theme-previews.php",
        "/home/customer/www/peoplerun.ai/public_html/wp-includes/template.php",
        "/home/customer/www/peoplerun.ai/public_html/wp-includes/https-detection.php",
        "/home/customer/www/peoplerun.ai/public_html/wp-includes/https-migration.php",
        "/home/customer/www/peoplerun.ai/public_html/wp-includes/class-wp-user-request.php",
        "/home/customer/www/peoplerun.ai/public_html/wp-includes/user.php",
        "/home/customer/www/peoplerun.ai/public_html/wp-includes/class-wp-user-query.php",
        "/home/customer/www/peoplerun.ai/public_html/wp-includes/class-wp-session-tokens.php",
        "/home/customer/www/peoplerun.ai/public_html/wp-includes/class-wp-user-meta-session-tokens.php",
        "/home/customer/www/peoplerun.ai/public_html/wp-includes/general-template.php",
        "/home/customer/www/peoplerun.ai/public_html/wp-includes/link-template.php",
        "/home/customer/www/peoplerun.ai/public_html/wp-includes/author-template.php",
        "/home/customer/www/peoplerun.ai/public_html/wp-includes/robots-template.php",
        "/home/customer/www/peoplerun.ai/public_html/wp-includes/post.php",
        "/home/customer/www/peoplerun.ai/public_html/wp-includes/class-walker-page.php",
        "/home/customer/www/peoplerun.ai/public_html/wp-includes/class-walker-page-dropdown.php",
        "/home/customer/www/peoplerun.ai/public_html/wp-includes/class-wp-post-type.php",
        "/home/customer/www/peoplerun.ai/public_html/wp-includes/class-wp-post.php",
        "/home/customer/www/peoplerun.ai/public_html/wp-includes/post-template.php",
        "/home/customer/www/peoplerun.ai/public_html/wp-includes/revision.php",
        "/home/customer/www/peoplerun.ai/public_html/wp-includes/post-formats.php",
        "/home/customer/www/peoplerun.ai/public_html/wp-includes/post-thumbnail-template.php",
        "/home/customer/www/peoplerun.ai/public_html/wp-includes/category.php",
        "/home/customer/www/peoplerun.ai/public_html/wp-includes/class-walker-category.php",
        "/home/customer/www/peoplerun.ai/public_html/wp-includes/class-walker-category-dropdown.php",
        "/home/customer/www/peoplerun.ai/public_html/wp-includes/category-template.php",
        "/home/customer/www/peoplerun.ai/public_html/wp-includes/comment.php",
        "/home/customer/www/peoplerun.ai/public_html/wp-includes/class-wp-comment.php",
        "/home/customer/www/peoplerun.ai/public_html/wp-includes/class-wp-comment-query.php",
        "/home/customer/www/peoplerun.ai/public_html/wp-includes/class-walker-comment.php",
        "/home/customer/www/peoplerun.ai/public_html/wp-includes/comment-template.php",
        "/home/customer/www/peoplerun.ai/public_html/wp-includes/rewrite.php",
        "/home/customer/www/peoplerun.ai/public_html/wp-includes/class-wp-rewrite.php",
        "/home/customer/www/peoplerun.ai/public_html/wp-includes/feed.php",
        "/home/customer/www/peoplerun.ai/public_html/wp-includes/bookmark.php",
        "/home/customer/www/peoplerun.ai/public_html/wp-includes/bookmark-template.php",
        "/home/customer/www/peoplerun.ai/public_html/wp-includes/kses.php",
        "/home/customer/www/peoplerun.ai/public_html/wp-includes/cron.php",
        "/home/customer/www/peoplerun.ai/public_html/wp-includes/deprecated.php",
        "/home/customer/www/peoplerun.ai/public_html/wp-includes/script-loader.php",
        "/home/customer/www/peoplerun.ai/public_html/wp-includes/class-wp-dependency.php",
        "/home/customer/www/peoplerun.ai/public_html/wp-includes/class-wp-dependencies.php",
        "/home/customer/www/peoplerun.ai/public_html/wp-includes/class-wp-scripts.php",
        "/home/customer/www/peoplerun.ai/public_html/wp-includes/functions.wp-scripts.php",
        "/home/customer/www/peoplerun.ai/public_html/wp-includes/class-wp-styles.php",
        "/home/customer/www/peoplerun.ai/public_html/wp-includes/functions.wp-styles.php",
        "/home/customer/www/peoplerun.ai/public_html/wp-includes/taxonomy.php"
    ],
    "backtrace": [
        {
            "file": "/home/customer/www/peoplerun.ai/public_html/wp-content/mu-plugins/debug-wp-rewrite-verbose.php",
            "line": 49,
            "function": "{closure}",
            "class": null
        },
        {
            "file": "/home/customer/www/peoplerun.ai/public_html/wp-includes/class-wp-hook.php",
            "line": 341,
            "function": "{closure}",
            "class": null
        },
        {
            "file": "/home/customer/www/peoplerun.ai/public_html/wp-includes/class-wp-hook.php",
            "line": 365,
            "function": "apply_filters",
            "class": "WP_Hook"
        },
        {
            "file": "/home/customer/www/peoplerun.ai/public_html/wp-includes/plugin.php",
            "line": 522,
            "function": "do_action",
            "class": "WP_Hook"
        },
        {
            "file": "/home/customer/www/peoplerun.ai/public_html/wp-settings.php",
            "line": 593,
            "function": "do_action",
            "class": null
        },
        {
            "file": "/home/customer/www/peoplerun.ai/public_html/wp-config.php",
            "line": 132,
            "function": "require_once",
            "class": null
        },
        {
            "file": "/home/customer/www/peoplerun.ai/public_html/wp-load.php",
            "line": 50,
            "function": "require_once",
            "class": null
        },
        {
            "file": "Command line code",
            "line": 1,
            "function": "require",
            "class": null
        }
    ],
    "env": {
        "SAPI": "cli",
        "argv": [
            "Standard input code"
        ]
    }
}
{
    "ts": "2026-02-24T23:24:59+00:00",
    "stage": "immediate_check_at_include",
    "type": "NULL",
    "preview": null,
    "memory_get_usage": 27045728,
    "included_files_count": 395,
    "included_files": [
        "/home/customer/www/peoplerun.ai/public_html/wp-load.php",
        "/home/customer/www/peoplerun.ai/public_html/wp-config.php",
        "/var/lib/sec/wp-settings-pre.php",
        "/home/customer/www/peoplerun.ai/public_html/wp-settings.php",
        "/home/customer/www/peoplerun.ai/public_html/wp-includes/version.php",
        "/home/customer/www/peoplerun.ai/public_html/wp-includes/compat-utf8.php",
        "/home/customer/www/peoplerun.ai/public_html/wp-includes/compat.php",
        "/home/customer/www/peoplerun.ai/public_html/wp-includes/load.php",
        "/home/customer/www/peoplerun.ai/public_html/wp-includes/class-wp-paused-extensions-storage.php",
        "/home/customer/www/peoplerun.ai/public_html/wp-includes/class-wp-exception.php",
        "/home/customer/www/peoplerun.ai/public_html/wp-includes/class-wp-fatal-error-handler.php",
        "/home/customer/www/peoplerun.ai/public_html/wp-includes/class-wp-recovery-mode-cookie-service.php",
        "/home/customer/www/peoplerun.ai/public_html/wp-includes/class-wp-recovery-mode-key-service.php",
        "/home/customer/www/peoplerun.ai/public_html/wp-includes/class-wp-recovery-mode-link-service.php",
        "/home/customer/www/peoplerun.ai/public_html/wp-includes/class-wp-recovery-mode-email-service.php",
        "/home/customer/www/peoplerun.ai/public_html/wp-includes/class-wp-recovery-mode.php",
        "/home/customer/www/peoplerun.ai/public_html/wp-includes/error-protection.php",
        "/home/customer/www/peoplerun.ai/public_html/wp-includes/default-constants.php",
        "/home/customer/www/peoplerun.ai/public_html/wp-includes/plugin.php",
        "/home/customer/www/peoplerun.ai/public_html/wp-includes/class-wp-hook.php",
        "/home/customer/www/peoplerun.ai/public_html/wp-includes/class-wp-list-util.php",
        "/home/customer/www/peoplerun.ai/public_html/wp-includes/class-wp-token-map.php",
        "/home/customer/www/peoplerun.ai/public_html/wp-includes/utf8.php",
        "/home/customer/www/peoplerun.ai/public_html/wp-includes/formatting.php",
        "/home/customer/www/peoplerun.ai/public_html/wp-includes/meta.php",
        "/home/customer/www/peoplerun.ai/public_html/wp-includes/class-wp-metadata-lazyloader.php",
        "/home/customer/www/peoplerun.ai/public_html/wp-includes/functions.php",
        "/home/customer/www/peoplerun.ai/public_html/wp-includes/option.php",
        "/home/customer/www/peoplerun.ai/public_html/wp-includes/class-wp-meta-query.php",
        "/home/customer/www/peoplerun.ai/public_html/wp-includes/class-wp-matchesmapregex.php",
        "/home/customer/www/peoplerun.ai/public_html/wp-includes/class-wp.php",
        "/home/customer/www/peoplerun.ai/public_html/wp-includes/class-wp-error.php",
        "/home/customer/www/peoplerun.ai/public_html/wp-includes/pomo/mo.php",
        "/home/customer/www/peoplerun.ai/public_html/wp-includes/pomo/translations.php",
        "/home/customer/www/peoplerun.ai/public_html/wp-includes/pomo/plural-forms.php",
        "/home/customer/www/peoplerun.ai/public_html/wp-includes/pomo/entry.php",
        "/home/customer/www/peoplerun.ai/public_html/wp-includes/pomo/streams.php",
        "/home/customer/www/peoplerun.ai/public_html/wp-includes/l10n/class-wp-translation-controller.php",
        "/home/customer/www/peoplerun.ai/public_html/wp-includes/l10n/class-wp-translations.php",
        "/home/customer/www/peoplerun.ai/public_html/wp-includes/l10n/class-wp-translation-file.php",
        "/home/customer/www/peoplerun.ai/public_html/wp-includes/l10n/class-wp-translation-file-mo.php",
        "/home/customer/www/peoplerun.ai/public_html/wp-includes/l10n/class-wp-translation-file-php.php",
        "/home/customer/www/peoplerun.ai/public_html/wp-includes/class-wpdb.php",
        "/home/customer/www/peoplerun.ai/public_html/wp-includes/cache.php",
        "/home/customer/www/peoplerun.ai/public_html/wp-includes/class-wp-object-cache.php",
        "/home/customer/www/peoplerun.ai/public_html/wp-includes/cache-compat.php",
        "/home/customer/www/peoplerun.ai/public_html/wp-includes/default-filters.php",
        "/home/customer/www/peoplerun.ai/public_html/wp-includes/l10n.php",
        "/home/customer/www/peoplerun.ai/public_html/wp-includes/class-wp-textdomain-registry.php",
        "/home/customer/www/peoplerun.ai/public_html/wp-includes/class-wp-locale.php",
        "/home/customer/www/peoplerun.ai/public_html/wp-includes/class-wp-locale-switcher.php",
        "/home/customer/www/peoplerun.ai/public_html/wp-includes/class-wp-walker.php",
        "/home/customer/www/peoplerun.ai/public_html/wp-includes/class-wp-ajax-response.php",
        "/home/customer/www/peoplerun.ai/public_html/wp-includes/capabilities.php",
        "/home/customer/www/peoplerun.ai/public_html/wp-includes/class-wp-roles.php",
        "/home/customer/www/peoplerun.ai/public_html/wp-includes/class-wp-role.php",
        "/home/customer/www/peoplerun.ai/public_html/wp-includes/class-wp-user.php",
        "/home/customer/www/peoplerun.ai/public_html/wp-includes/class-wp-query.php",
        "/home/customer/www/peoplerun.ai/public_html/wp-includes/query.php",
        "/home/customer/www/peoplerun.ai/public_html/wp-includes/class-wp-date-query.php",
        "/home/customer/www/peoplerun.ai/public_html/wp-includes/theme.php",
        "/home/customer/www/peoplerun.ai/public_html/wp-includes/class-wp-theme.php",
        "/home/customer/www/peoplerun.ai/public_html/wp-includes/class-wp-theme-json-schema.php",
        "/home/customer/www/peoplerun.ai/public_html/wp-includes/class-wp-theme-json-data.php",
        "/home/customer/www/peoplerun.ai/public_html/wp-includes/class-wp-theme-json.php",
        "/home/customer/www/peoplerun.ai/public_html/wp-includes/class-wp-theme-json-resolver.php",
        "/home/customer/www/peoplerun.ai/public_html/wp-includes/class-wp-duotone.php",
        "/home/customer/www/peoplerun.ai/public_html/wp-includes/global-styles-and-settings.php",
        "/home/customer/www/peoplerun.ai/public_html/wp-includes/class-wp-block-template.php",
        "/home/customer/www/peoplerun.ai/public_html/wp-includes/class-wp-block-templates-registry.php",
        "/home/customer/www/peoplerun.ai/public_html/wp-includes/block-template-utils.php",
        "/home/customer/www/peoplerun.ai/public_html/wp-includes/block-template.php",
        "/home/customer/www/peoplerun.ai/public_html/wp-includes/theme-templates.php",
        "/home/customer/www/peoplerun.ai/public_html/wp-includes/theme-previews.php",
        "/home/customer/www/peoplerun.ai/public_html/wp-includes/template.php",
        "/home/customer/www/peoplerun.ai/public_html/wp-includes/https-detection.php",
        "/home/customer/www/peoplerun.ai/public_html/wp-includes/https-migration.php",
        "/home/customer/www/peoplerun.ai/public_html/wp-includes/class-wp-user-request.php",
        "/home/customer/www/peoplerun.ai/public_html/wp-includes/user.php",
        "/home/customer/www/peoplerun.ai/public_html/wp-includes/class-wp-user-query.php",
        "/home/customer/www/peoplerun.ai/public_html/wp-includes/class-wp-session-tokens.php",
        "/home/customer/www/peoplerun.ai/public_html/wp-includes/class-wp-user-meta-session-tokens.php",
        "/home/customer/www/peoplerun.ai/public_html/wp-includes/general-template.php",
        "/home/customer/www/peoplerun.ai/public_html/wp-includes/link-template.php",
        "/home/customer/www/peoplerun.ai/public_html/wp-includes/author-template.php",
        "/home/customer/www/peoplerun.ai/public_html/wp-includes/robots-template.php",
        "/home/customer/www/peoplerun.ai/public_html/wp-includes/post.php",
        "/home/customer/www/peoplerun.ai/public_html/wp-includes/class-walker-page.php",
        "/home/customer/www/peoplerun.ai/public_html/wp-includes/class-walker-page-dropdown.php",
        "/home/customer/www/peoplerun.ai/public_html/wp-includes/class-wp-post-type.php",
        "/home/customer/www/peoplerun.ai/public_html/wp-includes/class-wp-post.php",
        "/home/customer/www/peoplerun.ai/public_html/wp-includes/post-template.php",
        "/home/customer/www/peoplerun.ai/public_html/wp-includes/revision.php",
        "/home/customer/www/peoplerun.ai/public_html/wp-includes/post-formats.php",
        "/home/customer/www/peoplerun.ai/public_html/wp-includes/post-thumbnail-template.php",
        "/home/customer/www/peoplerun.ai/public_html/wp-includes/category.php",
        "/home/customer/www/peoplerun.ai/public_html/wp-includes/class-walker-category.php",
        "/home/customer/www/peoplerun.ai/public_html/wp-includes/class-walker-category-dropdown.php",
        "/home/customer/www/peoplerun.ai/public_html/wp-includes/category-template.php",
        "/home/customer/www/peoplerun.ai/public_html/wp-includes/comment.php",
        "/home/customer/www/peoplerun.ai/public_html/wp-includes/class-wp-comment.php",
        "/home/customer/www/peoplerun.ai/public_html/wp-includes/class-wp-comment-query.php",
        "/home/customer/www/peoplerun.ai/public_html/wp-includes/class-walker-comment.php",
        "/home/customer/www/peoplerun.ai/public_html/wp-includes/comment-template.php",
        "/home/customer/www/peoplerun.ai/public_html/wp-includes/rewrite.php",
        "/home/customer/www/peoplerun.ai/public_html/wp-includes/class-wp-rewrite.php",
        "/home/customer/www/peoplerun.ai/public_html/wp-includes/feed.php",
        "/home/customer/www/peoplerun.ai/public_html/wp-includes/bookmark.php",
        "/home/customer/www/peoplerun.ai/public_html/wp-includes/bookmark-template.php",
        "/home/customer/www/peoplerun.ai/public_html/wp-includes/kses.php",
        "/home/customer/www/peoplerun.ai/public_html/wp-includes/cron.php",
        "/home/customer/www/peoplerun.ai/public_html/wp-includes/deprecated.php",
        "/home/customer/www/peoplerun.ai/public_html/wp-includes/script-loader.php",
        "/home/customer/www/peoplerun.ai/public_html/wp-includes/class-wp-dependency.php",
        "/home/customer/www/peoplerun.ai/public_html/wp-includes/class-wp-dependencies.php",
        "/home/customer/www/peoplerun.ai/public_html/wp-includes/class-wp-scripts.php",
        "/home/customer/www/peoplerun.ai/public_html/wp-includes/functions.wp-scripts.php",
        "/home/customer/www/peoplerun.ai/public_html/wp-includes/class-wp-styles.php",
        "/home/customer/www/peoplerun.ai/public_html/wp-includes/functions.wp-styles.php",
        "/home/customer/www/peoplerun.ai/public_html/wp-includes/taxonomy.php"
    ],
    "backtrace": [
        {
            "file": "/home/customer/www/peoplerun.ai/public_html/wp-content/mu-plugins/debug-wp-rewrite-verbose.php",
            "line": 56,
            "function": "{closure}",
            "class": null
        },
        {
            "file": "/home/customer/www/peoplerun.ai/public_html/wp-settings.php",
            "line": 471,
            "function": "include_once",
            "class": null
        },
        {
            "file": "/home/customer/www/peoplerun.ai/public_html/wp-config.php",
            "line": 132,
            "function": "require_once",
            "class": null
        },
        {
            "file": "/home/customer/www/peoplerun.ai/public_html/wp-load.php",
            "line": 50,
            "function": "require_once",
            "class": null
        },
        {
            "file": "Command line code",
            "line": 1,
            "function": "require",
            "class": null
        }
    ],
    "env": {
        "SAPI": "cli",
        "argv": [
            "Standard input code"
        ]
    }
}
{
    "ts": "2026-02-24T23:24:59+00:00",
    "stage": "muplugins_loaded",
    "type": "NULL",
    "preview": null,
    "memory_get_usage": 27042464,
    "included_files_count": 396,
    "included_files": [
        "/home/customer/www/peoplerun.ai/public_html/wp-load.php",
        "/home/customer/www/peoplerun.ai/public_html/wp-config.php",
        "/var/lib/sec/wp-settings-pre.php",
        "/home/customer/www/peoplerun.ai/public_html/wp-settings.php",
        "/home/customer/www/peoplerun.ai/public_html/wp-includes/version.php",
        "/home/customer/www/peoplerun.ai/public_html/wp-includes/compat-utf8.php",
        "/home/customer/www/peoplerun.ai/public_html/wp-includes/compat.php",
        "/home/customer/www/peoplerun.ai/public_html/wp-includes/load.php",
        "/home/customer/www/peoplerun.ai/public_html/wp-includes/class-wp-paused-extensions-storage.php",
        "/home/customer/www/peoplerun.ai/public_html/wp-includes/class-wp-exception.php",
        "/home/customer/www/peoplerun.ai/public_html/wp-includes/class-wp-fatal-error-handler.php",
        "/home/customer/www/peoplerun.ai/public_html/wp-includes/class-wp-recovery-mode-cookie-service.php",
        "/home/customer/www/peoplerun.ai/public_html/wp-includes/class-wp-recovery-mode-key-service.php",
        "/home/customer/www/peoplerun.ai/public_html/wp-includes/class-wp-recovery-mode-link-service.php",
        "/home/customer/www/peoplerun.ai/public_html/wp-includes/class-wp-recovery-mode-email-service.php",
        "/home/customer/www/peoplerun.ai/public_html/wp-includes/class-wp-recovery-mode.php",
        "/home/customer/www/peoplerun.ai/public_html/wp-includes/error-protection.php",
        "/home/customer/www/peoplerun.ai/public_html/wp-includes/default-constants.php",
        "/home/customer/www/peoplerun.ai/public_html/wp-includes/plugin.php",
        "/home/customer/www/peoplerun.ai/public_html/wp-includes/class-wp-hook.php",
        "/home/customer/www/peoplerun.ai/public_html/wp-includes/class-wp-list-util.php",
        "/home/customer/www/peoplerun.ai/public_html/wp-includes/class-wp-token-map.php",
        "/home/customer/www/peoplerun.ai/public_html/wp-includes/utf8.php",
        "/home/customer/www/peoplerun.ai/public_html/wp-includes/formatting.php",
        "/home/customer/www/peoplerun.ai/public_html/wp-includes/meta.php",
        "/home/customer/www/peoplerun.ai/public_html/wp-includes/class-wp-metadata-lazyloader.php",
        "/home/customer/www/peoplerun.ai/public_html/wp-includes/functions.php",
        "/home/customer/www/peoplerun.ai/public_html/wp-includes/option.php",
        "/home/customer/www/peoplerun.ai/public_html/wp-includes/class-wp-meta-query.php",
        "/home/customer/www/peoplerun.ai/public_html/wp-includes/class-wp-matchesmapregex.php",
        "/home/customer/www/peoplerun.ai/public_html/wp-includes/class-wp.php",
        "/home/customer/www/peoplerun.ai/public_html/wp-includes/class-wp-error.php",
        "/home/customer/www/peoplerun.ai/public_html/wp-includes/pomo/mo.php",
        "/home/customer/www/peoplerun.ai/public_html/wp-includes/pomo/translations.php",
        "/home/customer/www/peoplerun.ai/public_html/wp-includes/pomo/plural-forms.php",
        "/home/customer/www/peoplerun.ai/public_html/wp-includes/pomo/entry.php",
        "/home/customer/www/peoplerun.ai/public_html/wp-includes/pomo/streams.php",
        "/home/customer/www/peoplerun.ai/public_html/wp-includes/l10n/class-wp-translation-controller.php",
        "/home/customer/www/peoplerun.ai/public_html/wp-includes/l10n/class-wp-translations.php",
        "/home/customer/www/peoplerun.ai/public_html/wp-includes/l10n/class-wp-translation-file.php",
        "/home/customer/www/peoplerun.ai/public_html/wp-includes/l10n/class-wp-translation-file-mo.php",
        "/home/customer/www/peoplerun.ai/public_html/wp-includes/l10n/class-wp-translation-file-php.php",
        "/home/customer/www/peoplerun.ai/public_html/wp-includes/class-wpdb.php",
        "/home/customer/www/peoplerun.ai/public_html/wp-includes/cache.php",
        "/home/customer/www/peoplerun.ai/public_html/wp-includes/class-wp-object-cache.php",
        "/home/customer/www/peoplerun.ai/public_html/wp-includes/cache-compat.php",
        "/home/customer/www/peoplerun.ai/public_html/wp-includes/default-filters.php",
        "/home/customer/www/peoplerun.ai/public_html/wp-includes/l10n.php",
        "/home/customer/www/peoplerun.ai/public_html/wp-includes/class-wp-textdomain-registry.php",
        "/home/customer/www/peoplerun.ai/public_html/wp-includes/class-wp-locale.php",
        "/home/customer/www/peoplerun.ai/public_html/wp-includes/class-wp-locale-switcher.php",
        "/home/customer/www/peoplerun.ai/public_html/wp-includes/class-wp-walker.php",
        "/home/customer/www/peoplerun.ai/public_html/wp-includes/class-wp-ajax-response.php",
        "/home/customer/www/peoplerun.ai/public_html/wp-includes/capabilities.php",
        "/home/customer/www/peoplerun.ai/public_html/wp-includes/class-wp-roles.php",
        "/home/customer/www/peoplerun.ai/public_html/wp-includes/class-wp-role.php",
        "/home/customer/www/peoplerun.ai/public_html/wp-includes/class-wp-user.php",
        "/home/customer/www/peoplerun.ai/public_html/wp-includes/class-wp-query.php",
        "/home/customer/www/peoplerun.ai/public_html/wp-includes/query.php",
        "/home/customer/www/peoplerun.ai/public_html/wp-includes/class-wp-date-query.php",
        "/home/customer/www/peoplerun.ai/public_html/wp-includes/theme.php",
        "/home/customer/www/peoplerun.ai/public_html/wp-includes/class-wp-theme.php",
        "/home/customer/www/peoplerun.ai/public_html/wp-includes/class-wp-theme-json-schema.php",
        "/home/customer/www/peoplerun.ai/public_html/wp-includes/class-wp-theme-json-data.php",
        "/home/customer/www/peoplerun.ai/public_html/wp-includes/class-wp-theme-json.php",
        "/home/customer/www/peoplerun.ai/public_html/wp-includes/class-wp-theme-json-resolver.php",
        "/home/customer/www/peoplerun.ai/public_html/wp-includes/class-wp-duotone.php",
        "/home/customer/www/peoplerun.ai/public_html/wp-includes/global-styles-and-settings.php",
        "/home/customer/www/peoplerun.ai/public_html/wp-includes/class-wp-block-template.php",
        "/home/customer/www/peoplerun.ai/public_html/wp-includes/class-wp-block-templates-registry.php",
        "/home/customer/www/peoplerun.ai/public_html/wp-includes/block-template-utils.php",
        "/home/customer/www/peoplerun.ai/public_html/wp-includes/block-template.php",
        "/home/customer/www/peoplerun.ai/public_html/wp-includes/theme-templates.php",
        "/home/customer/www/peoplerun.ai/public_html/wp-includes/theme-previews.php",
        "/home/customer/www/peoplerun.ai/public_html/wp-includes/template.php",
        "/home/customer/www/peoplerun.ai/public_html/wp-includes/https-detection.php",
        "/home/customer/www/peoplerun.ai/public_html/wp-includes/https-migration.php",
        "/home/customer/www/peoplerun.ai/public_html/wp-includes/class-wp-user-request.php",
        "/home/customer/www/peoplerun.ai/public_html/wp-includes/user.php",
        "/home/customer/www/peoplerun.ai/public_html/wp-includes/class-wp-user-query.php",
        "/home/customer/www/peoplerun.ai/public_html/wp-includes/class-wp-session-tokens.php",
        "/home/customer/www/peoplerun.ai/public_html/wp-includes/class-wp-user-meta-session-tokens.php",
        "/home/customer/www/peoplerun.ai/public_html/wp-includes/general-template.php",
        "/home/customer/www/peoplerun.ai/public_html/wp-includes/link-template.php",
        "/home/customer/www/peoplerun.ai/public_html/wp-includes/author-template.php",
        "/home/customer/www/peoplerun.ai/public_html/wp-includes/robots-template.php",
        "/home/customer/www/peoplerun.ai/public_html/wp-includes/post.php",
        "/home/customer/www/peoplerun.ai/public_html/wp-includes/class-walker-page.php",
        "/home/customer/www/peoplerun.ai/public_html/wp-includes/class-walker-page-dropdown.php",
        "/home/customer/www/peoplerun.ai/public_html/wp-includes/class-wp-post-type.php",
        "/home/customer/www/peoplerun.ai/public_html/wp-includes/class-wp-post.php",
        "/home/customer/www/peoplerun.ai/public_html/wp-includes/post-template.php",
        "/home/customer/www/peoplerun.ai/public_html/wp-includes/revision.php",
        "/home/customer/www/peoplerun.ai/public_html/wp-includes/post-formats.php",
        "/home/customer/www/peoplerun.ai/public_html/wp-includes/post-thumbnail-template.php",
        "/home/customer/www/peoplerun.ai/public_html/wp-includes/category.php",
        "/home/customer/www/peoplerun.ai/public_html/wp-includes/class-walker-category.php",
        "/home/customer/www/peoplerun.ai/public_html/wp-includes/class-walker-category-dropdown.php",
        "/home/customer/www/peoplerun.ai/public_html/wp-includes/category-template.php",
        "/home/customer/www/peoplerun.ai/public_html/wp-includes/comment.php",
        "/home/customer/www/peoplerun.ai/public_html/wp-includes/class-wp-comment.php",
        "/home/customer/www/peoplerun.ai/public_html/wp-includes/class-wp-comment-query.php",
        "/home/customer/www/peoplerun.ai/public_html/wp-includes/class-walker-comment.php",
        "/home/customer/www/peoplerun.ai/public_html/wp-includes/comment-template.php",
        "/home/customer/www/peoplerun.ai/public_html/wp-includes/rewrite.php",
        "/home/customer/www/peoplerun.ai/public_html/wp-includes/class-wp-rewrite.php",
        "/home/customer/www/peoplerun.ai/public_html/wp-includes/feed.php",
        "/home/customer/www/peoplerun.ai/public_html/wp-includes/bookmark.php",
        "/home/customer/www/peoplerun.ai/public_html/wp-includes/bookmark-template.php",
        "/home/customer/www/peoplerun.ai/public_html/wp-includes/kses.php",
        "/home/customer/www/peoplerun.ai/public_html/wp-includes/cron.php",
        "/home/customer/www/peoplerun.ai/public_html/wp-includes/deprecated.php",
        "/home/customer/www/peoplerun.ai/public_html/wp-includes/script-loader.php",
        "/home/customer/www/peoplerun.ai/public_html/wp-includes/class-wp-dependency.php",
        "/home/customer/www/peoplerun.ai/public_html/wp-includes/class-wp-dependencies.php",
        "/home/customer/www/peoplerun.ai/public_html/wp-includes/class-wp-scripts.php",
        "/home/customer/www/peoplerun.ai/public_html/wp-includes/functions.wp-scripts.php",
        "/home/customer/www/peoplerun.ai/public_html/wp-includes/class-wp-styles.php",
        "/home/customer/www/peoplerun.ai/public_html/wp-includes/functions.wp-styles.php",
        "/home/customer/www/peoplerun.ai/public_html/wp-includes/taxonomy.php"
    ],
    "backtrace": [
        {
            "file": "/home/customer/www/peoplerun.ai/public_html/wp-content/mu-plugins/debug-wp-rewrite-verbose.php",
            "line": 48,
            "function": "{closure}",
            "class": null
        },
        {
            "file": "/home/customer/www/peoplerun.ai/public_html/wp-includes/class-wp-hook.php",
            "line": 341,
            "function": "{closure}",
            "class": null
        },
        {
            "file": "/home/customer/www/peoplerun.ai/public_html/wp-includes/class-wp-hook.php",
            "line": 365,
            "function": "apply_filters",
            "class": "WP_Hook"
        },
        {
            "file": "/home/customer/www/peoplerun.ai/public_html/wp-includes/plugin.php",
            "line": 522,
            "function": "do_action",
            "class": "WP_Hook"
        },
        {
            "file": "/home/customer/www/peoplerun.ai/public_html/wp-settings.php",
            "line": 511,
            "function": "do_action",
            "class": null
        },
        {
            "file": "/home/customer/www/peoplerun.ai/public_html/wp-config.php",
            "line": 132,
            "function": "require_once",
            "class": null
        },
        {
            "file": "/home/customer/www/peoplerun.ai/public_html/wp-load.php",
            "line": 50,
            "function": "require_once",
            "class": null
        },
        {
            "file": "Command line code",
            "line": 1,
            "function": "require",
            "class": null
        }
    ],
    "env": {
        "SAPI": "cli",
        "argv": [
            "Standard input code"
        ]
    }
}
{
    "ts": "2026-02-24T23:24:59+00:00",
    "stage": "plugins_loaded",
    "type": "NULL",
    "preview": null,
    "memory_get_usage": 28461480,
    "included_files_count": 421,
    "included_files": [
        "/home/customer/www/peoplerun.ai/public_html/wp-load.php",
        "/home/customer/www/peoplerun.ai/public_html/wp-config.php",
        "/var/lib/sec/wp-settings-pre.php",
        "/home/customer/www/peoplerun.ai/public_html/wp-settings.php",
        "/home/customer/www/peoplerun.ai/public_html/wp-includes/version.php",
        "/home/customer/www/peoplerun.ai/public_html/wp-includes/compat-utf8.php",
        "/home/customer/www/peoplerun.ai/public_html/wp-includes/compat.php",
        "/home/customer/www/peoplerun.ai/public_html/wp-includes/load.php",
        "/home/customer/www/peoplerun.ai/public_html/wp-includes/class-wp-paused-extensions-storage.php",
        "/home/customer/www/peoplerun.ai/public_html/wp-includes/class-wp-exception.php",
        "/home/customer/www/peoplerun.ai/public_html/wp-includes/class-wp-fatal-error-handler.php",
        "/home/customer/www/peoplerun.ai/public_html/wp-includes/class-wp-recovery-mode-cookie-service.php",
        "/home/customer/www/peoplerun.ai/public_html/wp-includes/class-wp-recovery-mode-key-service.php",
        "/home/customer/www/peoplerun.ai/public_html/wp-includes/class-wp-recovery-mode-link-service.php",
        "/home/customer/www/peoplerun.ai/public_html/wp-includes/class-wp-recovery-mode-email-service.php",
        "/home/customer/www/peoplerun.ai/public_html/wp-includes/class-wp-recovery-mode.php",
        "/home/customer/www/peoplerun.ai/public_html/wp-includes/error-protection.php",
        "/home/customer/www/peoplerun.ai/public_html/wp-includes/default-constants.php",
        "/home/customer/www/peoplerun.ai/public_html/wp-includes/plugin.php",
        "/home/customer/www/peoplerun.ai/public_html/wp-includes/class-wp-hook.php",
        "/home/customer/www/peoplerun.ai/public_html/wp-includes/class-wp-list-util.php",
        "/home/customer/www/peoplerun.ai/public_html/wp-includes/class-wp-token-map.php",
        "/home/customer/www/peoplerun.ai/public_html/wp-includes/utf8.php",
        "/home/customer/www/peoplerun.ai/public_html/wp-includes/formatting.php",
        "/home/customer/www/peoplerun.ai/public_html/wp-includes/meta.php",
        "/home/customer/www/peoplerun.ai/public_html/wp-includes/class-wp-metadata-lazyloader.php",
        "/home/customer/www/peoplerun.ai/public_html/wp-includes/functions.php",
        "/home/customer/www/peoplerun.ai/public_html/wp-includes/option.php",
        "/home/customer/www/peoplerun.ai/public_html/wp-includes/class-wp-meta-query.php",
        "/home/customer/www/peoplerun.ai/public_html/wp-includes/class-wp-matchesmapregex.php",
        "/home/customer/www/peoplerun.ai/public_html/wp-includes/class-wp.php",
        "/home/customer/www/peoplerun.ai/public_html/wp-includes/class-wp-error.php",
        "/home/customer/www/peoplerun.ai/public_html/wp-includes/pomo/mo.php",
        "/home/customer/www/peoplerun.ai/public_html/wp-includes/pomo/translations.php",
        "/home/customer/www/peoplerun.ai/public_html/wp-includes/pomo/plural-forms.php",
        "/home/customer/www/peoplerun.ai/public_html/wp-includes/pomo/entry.php",
        "/home/customer/www/peoplerun.ai/public_html/wp-includes/pomo/streams.php",
        "/home/customer/www/peoplerun.ai/public_html/wp-includes/l10n/class-wp-translation-controller.php",
        "/home/customer/www/peoplerun.ai/public_html/wp-includes/l10n/class-wp-translations.php",
        "/home/customer/www/peoplerun.ai/public_html/wp-includes/l10n/class-wp-translation-file.php",
        "/home/customer/www/peoplerun.ai/public_html/wp-includes/l10n/class-wp-translation-file-mo.php",
        "/home/customer/www/peoplerun.ai/public_html/wp-includes/l10n/class-wp-translation-file-php.php",
        "/home/customer/www/peoplerun.ai/public_html/wp-includes/class-wpdb.php",
        "/home/customer/www/peoplerun.ai/public_html/wp-includes/cache.php",
        "/home/customer/www/peoplerun.ai/public_html/wp-includes/class-wp-object-cache.php",
        "/home/customer/www/peoplerun.ai/public_html/wp-includes/cache-compat.php",
        "/home/customer/www/peoplerun.ai/public_html/wp-includes/default-filters.php",
        "/home/customer/www/peoplerun.ai/public_html/wp-includes/l10n.php",
        "/home/customer/www/peoplerun.ai/public_html/wp-includes/class-wp-textdomain-registry.php",
        "/home/customer/www/peoplerun.ai/public_html/wp-includes/class-wp-locale.php",
        "/home/customer/www/peoplerun.ai/public_html/wp-includes/class-wp-locale-switcher.php",
        "/home/customer/www/peoplerun.ai/public_html/wp-includes/class-wp-walker.php",
        "/home/customer/www/peoplerun.ai/public_html/wp-includes/class-wp-ajax-response.php",
        "/home/customer/www/peoplerun.ai/public_html/wp-includes/capabilities.php",
        "/home/customer/www/peoplerun.ai/public_html/wp-includes/class-wp-roles.php",
        "/home/customer/www/peoplerun.ai/public_html/wp-includes/class-wp-role.php",
        "/home/customer/www/peoplerun.ai/public_html/wp-includes/class-wp-user.php",
        "/home/customer/www/peoplerun.ai/public_html/wp-includes/class-wp-query.php",
        "/home/customer/www/peoplerun.ai/public_html/wp-includes/query.php",
        "/home/customer/www/peoplerun.ai/public_html/wp-includes/class-wp-date-query.php",
        "/home/customer/www/peoplerun.ai/public_html/wp-includes/theme.php",
        "/home/customer/www/peoplerun.ai/public_html/wp-includes/class-wp-theme.php",
        "/home/customer/www/peoplerun.ai/public_html/wp-includes/class-wp-theme-json-schema.php",
        "/home/customer/www/peoplerun.ai/public_html/wp-includes/class-wp-theme-json-data.php",
        "/home/customer/www/peoplerun.ai/public_html/wp-includes/class-wp-theme-json.php",
        "/home/customer/www/peoplerun.ai/public_html/wp-includes/class-wp-theme-json-resolver.php",
        "/home/customer/www/peoplerun.ai/public_html/wp-includes/class-wp-duotone.php",
        "/home/customer/www/peoplerun.ai/public_html/wp-includes/global-styles-and-settings.php",
        "/home/customer/www/peoplerun.ai/public_html/wp-includes/class-wp-block-template.php",
        "/home/customer/www/peoplerun.ai/public_html/wp-includes/class-wp-block-templates-registry.php",
        "/home/customer/www/peoplerun.ai/public_html/wp-includes/block-template-utils.php",
        "/home/customer/www/peoplerun.ai/public_html/wp-includes/block-template.php",
        "/home/customer/www/peoplerun.ai/public_html/wp-includes/theme-templates.php",
        "/home/customer/www/peoplerun.ai/public_html/wp-includes/theme-previews.php",
        "/home/customer/www/peoplerun.ai/public_html/wp-includes/template.php",
        "/home/customer/www/peoplerun.ai/public_html/wp-includes/https-detection.php",
        "/home/customer/www/peoplerun.ai/public_html/wp-includes/https-migration.php",
        "/home/customer/www/peoplerun.ai/public_html/wp-includes/class-wp-user-request.php",
        "/home/customer/www/peoplerun.ai/public_html/wp-includes/user.php",
        "/home/customer/www/peoplerun.ai/public_html/wp-includes/class-wp-user-query.php",
        "/home/customer/www/peoplerun.ai/public_html/wp-includes/class-wp-session-tokens.php",
        "/home/customer/www/peoplerun.ai/public_html/wp-includes/class-wp-user-meta-session-tokens.php",
        "/home/customer/www/peoplerun.ai/public_html/wp-includes/general-template.php",
        "/home/customer/www/peoplerun.ai/public_html/wp-includes/link-template.php",
        "/home/customer/www/peoplerun.ai/public_html/wp-includes/author-template.php",
        "/home/customer/www/peoplerun.ai/public_html/wp-includes/robots-template.php",
        "/home/customer/www/peoplerun.ai/public_html/wp-includes/post.php",
        "/home/customer/www/peoplerun.ai/public_html/wp-includes/class-walker-page.php",
        "/home/customer/www/peoplerun.ai/public_html/wp-includes/class-walker-page-dropdown.php",
        "/home/customer/www/peoplerun.ai/public_html/wp-includes/class-wp-post-type.php",
        "/home/customer/www/peoplerun.ai/public_html/wp-includes/class-wp-post.php",
        "/home/customer/www/peoplerun.ai/public_html/wp-includes/post-template.php",
        "/home/customer/www/peoplerun.ai/public_html/wp-includes/revision.php",
        "/home/customer/www/peoplerun.ai/public_html/wp-includes/post-formats.php",
        "/home/customer/www/peoplerun.ai/public_html/wp-includes/post-thumbnail-template.php",
        "/home/customer/www/peoplerun.ai/public_html/wp-includes/category.php",
        "/home/customer/www/peoplerun.ai/public_html/wp-includes/class-walker-category.php",
        "/home/customer/www/peoplerun.ai/public_html/wp-includes/class-walker-category-dropdown.php",
        "/home/customer/www/peoplerun.ai/public_html/wp-includes/category-template.php",
        "/home/customer/www/peoplerun.ai/public_html/wp-includes/comment.php",
        "/home/customer/www/peoplerun.ai/public_html/wp-includes/class-wp-comment.php",
        "/home/customer/www/peoplerun.ai/public_html/wp-includes/class-wp-comment-query.php",
        "/home/customer/www/peoplerun.ai/public_html/wp-includes/class-walker-comment.php",
        "/home/customer/www/peoplerun.ai/public_html/wp-includes/comment-template.php",
        "/home/customer/www/peoplerun.ai/public_html/wp-includes/rewrite.php",
        "/home/customer/www/peoplerun.ai/public_html/wp-includes/class-wp-rewrite.php",
        "/home/customer/www/peoplerun.ai/public_html/wp-includes/feed.php",
        "/home/customer/www/peoplerun.ai/public_html/wp-includes/bookmark.php",
        "/home/customer/www/peoplerun.ai/public_html/wp-includes/bookmark-template.php",
        "/home/customer/www/peoplerun.ai/public_html/wp-includes/kses.php",
        "/home/customer/www/peoplerun.ai/public_html/wp-includes/cron.php",
        "/home/customer/www/peoplerun.ai/public_html/wp-includes/deprecated.php",
        "/home/customer/www/peoplerun.ai/public_html/wp-includes/script-loader.php",
        "/home/customer/www/peoplerun.ai/public_html/wp-includes/class-wp-dependency.php",
        "/home/customer/www/peoplerun.ai/public_html/wp-includes/class-wp-dependencies.php",
        "/home/customer/www/peoplerun.ai/public_html/wp-includes/class-wp-scripts.php",
        "/home/customer/www/peoplerun.ai/public_html/wp-includes/functions.wp-scripts.php",
        "/home/customer/www/peoplerun.ai/public_html/wp-includes/class-wp-styles.php",
        "/home/customer/www/peoplerun.ai/public_html/wp-includes/functions.wp-styles.php",
        "/home/customer/www/peoplerun.ai/public_html/wp-includes/taxonomy.php"
    ],
    "backtrace": [
        {
            "file": "/home/customer/www/peoplerun.ai/public_html/wp-content/mu-plugins/debug-wp-rewrite-verbose.php",
            "line": 49,
            "function": "{closure}",
            "class": null
        },
        {
            "file": "/home/customer/www/peoplerun.ai/public_html/wp-includes/class-wp-hook.php",
            "line": 341,
            "function": "{closure}",
            "class": null
        },
        {
            "file": "/home/customer/www/peoplerun.ai/public_html/wp-includes/class-wp-hook.php",
            "line": 365,
            "function": "apply_filters",
            "class": "WP_Hook"
        },
        {
            "file": "/home/customer/www/peoplerun.ai/public_html/wp-includes/plugin.php",
            "line": 522,
            "function": "do_action",
            "class": "WP_Hook"
        },
        {
            "file": "/home/customer/www/peoplerun.ai/public_html/wp-settings.php",
            "line": 593,
            "function": "do_action",
            "class": null
        },
        {
            "file": "/home/customer/www/peoplerun.ai/public_html/wp-config.php",
            "line": 132,
            "function": "require_once",
            "class": null
        },
        {
            "file": "/home/customer/www/peoplerun.ai/public_html/wp-load.php",
            "line": 50,
            "function": "require_once",
            "class": null
        },
        {
            "file": "Command line code",
            "line": 1,
            "function": "require",
            "class": null
        }
    ],
    "env": {
        "SAPI": "cli",
        "argv": [
            "Standard input code"
        ]
    }
}
{
    "ts": "2026-02-24T23:25:14+00:00",
    "stage": "immediate_check_at_include",
    "type": "NULL",
    "preview": null,
    "memory_get_usage": 27072184,
    "included_files_count": 395,
    "included_files": [
        "/home/customer/www/peoplerun.ai/public_html/wp-load.php",
        "/home/customer/www/peoplerun.ai/public_html/wp-config.php",
        "/var/lib/sec/wp-settings-pre.php",
        "/home/customer/www/peoplerun.ai/public_html/wp-settings.php",
        "/home/customer/www/peoplerun.ai/public_html/wp-includes/version.php",
        "/home/customer/www/peoplerun.ai/public_html/wp-includes/compat-utf8.php",
        "/home/customer/www/peoplerun.ai/public_html/wp-includes/compat.php",
        "/home/customer/www/peoplerun.ai/public_html/wp-includes/load.php",
        "/home/customer/www/peoplerun.ai/public_html/wp-includes/class-wp-paused-extensions-storage.php",
        "/home/customer/www/peoplerun.ai/public_html/wp-includes/class-wp-exception.php",
        "/home/customer/www/peoplerun.ai/public_html/wp-includes/class-wp-fatal-error-handler.php",
        "/home/customer/www/peoplerun.ai/public_html/wp-includes/class-wp-recovery-mode-cookie-service.php",
        "/home/customer/www/peoplerun.ai/public_html/wp-includes/class-wp-recovery-mode-key-service.php",
        "/home/customer/www/peoplerun.ai/public_html/wp-includes/class-wp-recovery-mode-link-service.php",
        "/home/customer/www/peoplerun.ai/public_html/wp-includes/class-wp-recovery-mode-email-service.php",
        "/home/customer/www/peoplerun.ai/public_html/wp-includes/class-wp-recovery-mode.php",
        "/home/customer/www/peoplerun.ai/public_html/wp-includes/error-protection.php",
        "/home/customer/www/peoplerun.ai/public_html/wp-includes/default-constants.php",
        "/home/customer/www/peoplerun.ai/public_html/wp-includes/plugin.php",
        "/home/customer/www/peoplerun.ai/public_html/wp-includes/class-wp-hook.php",
        "/home/customer/www/peoplerun.ai/public_html/wp-includes/class-wp-list-util.php",
        "/home/customer/www/peoplerun.ai/public_html/wp-includes/class-wp-token-map.php",
        "/home/customer/www/peoplerun.ai/public_html/wp-includes/utf8.php",
        "/home/customer/www/peoplerun.ai/public_html/wp-includes/formatting.php",
        "/home/customer/www/peoplerun.ai/public_html/wp-includes/meta.php",
        "/home/customer/www/peoplerun.ai/public_html/wp-includes/class-wp-metadata-lazyloader.php",
        "/home/customer/www/peoplerun.ai/public_html/wp-includes/functions.php",
        "/home/customer/www/peoplerun.ai/public_html/wp-includes/option.php",
        "/home/customer/www/peoplerun.ai/public_html/wp-includes/class-wp-meta-query.php",
        "/home/customer/www/peoplerun.ai/public_html/wp-includes/class-wp-matchesmapregex.php",
        "/home/customer/www/peoplerun.ai/public_html/wp-includes/class-wp.php",
        "/home/customer/www/peoplerun.ai/public_html/wp-includes/class-wp-error.php",
        "/home/customer/www/peoplerun.ai/public_html/wp-includes/pomo/mo.php",
        "/home/customer/www/peoplerun.ai/public_html/wp-includes/pomo/translations.php",
        "/home/customer/www/peoplerun.ai/public_html/wp-includes/pomo/plural-forms.php",
        "/home/customer/www/peoplerun.ai/public_html/wp-includes/pomo/entry.php",
        "/home/customer/www/peoplerun.ai/public_html/wp-includes/pomo/streams.php",
        "/home/customer/www/peoplerun.ai/public_html/wp-includes/l10n/class-wp-translation-controller.php",
        "/home/customer/www/peoplerun.ai/public_html/wp-includes/l10n/class-wp-translations.php",
        "/home/customer/www/peoplerun.ai/public_html/wp-includes/l10n/class-wp-translation-file.php",
        "/home/customer/www/peoplerun.ai/public_html/wp-includes/l10n/class-wp-translation-file-mo.php",
        "/home/customer/www/peoplerun.ai/public_html/wp-includes/l10n/class-wp-translation-file-php.php",
        "/home/customer/www/peoplerun.ai/public_html/wp-includes/class-wpdb.php",
        "/home/customer/www/peoplerun.ai/public_html/wp-includes/cache.php",
        "/home/customer/www/peoplerun.ai/public_html/wp-includes/class-wp-object-cache.php",
        "/home/customer/www/peoplerun.ai/public_html/wp-includes/cache-compat.php",
        "/home/customer/www/peoplerun.ai/public_html/wp-includes/default-filters.php",
        "/home/customer/www/peoplerun.ai/public_html/wp-includes/l10n.php",
        "/home/customer/www/peoplerun.ai/public_html/wp-includes/class-wp-textdomain-registry.php",
        "/home/customer/www/peoplerun.ai/public_html/wp-includes/class-wp-locale.php",
        "/home/customer/www/peoplerun.ai/public_html/wp-includes/class-wp-locale-switcher.php",
        "/home/customer/www/peoplerun.ai/public_html/wp-includes/class-wp-walker.php",
        "/home/customer/www/peoplerun.ai/public_html/wp-includes/class-wp-ajax-response.php",
        "/home/customer/www/peoplerun.ai/public_html/wp-includes/capabilities.php",
        "/home/customer/www/peoplerun.ai/public_html/wp-includes/class-wp-roles.php",
        "/home/customer/www/peoplerun.ai/public_html/wp-includes/class-wp-role.php",
        "/home/customer/www/peoplerun.ai/public_html/wp-includes/class-wp-user.php",
        "/home/customer/www/peoplerun.ai/public_html/wp-includes/class-wp-query.php",
        "/home/customer/www/peoplerun.ai/public_html/wp-includes/query.php",
        "/home/customer/www/peoplerun.ai/public_html/wp-includes/class-wp-date-query.php",
        "/home/customer/www/peoplerun.ai/public_html/wp-includes/theme.php",
        "/home/customer/www/peoplerun.ai/public_html/wp-includes/class-wp-theme.php",
        "/home/customer/www/peoplerun.ai/public_html/wp-includes/class-wp-theme-json-schema.php",
        "/home/customer/www/peoplerun.ai/public_html/wp-includes/class-wp-theme-json-data.php",
        "/home/customer/www/peoplerun.ai/public_html/wp-includes/class-wp-theme-json.php",
        "/home/customer/www/peoplerun.ai/public_html/wp-includes/class-wp-theme-json-resolver.php",
        "/home/customer/www/peoplerun.ai/public_html/wp-includes/class-wp-duotone.php",
        "/home/customer/www/peoplerun.ai/public_html/wp-includes/global-styles-and-settings.php",
        "/home/customer/www/peoplerun.ai/public_html/wp-includes/class-wp-block-template.php",
        "/home/customer/www/peoplerun.ai/public_html/wp-includes/class-wp-block-templates-registry.php",
        "/home/customer/www/peoplerun.ai/public_html/wp-includes/block-template-utils.php",
        "/home/customer/www/peoplerun.ai/public_html/wp-includes/block-template.php",
        "/home/customer/www/peoplerun.ai/public_html/wp-includes/theme-templates.php",
        "/home/customer/www/peoplerun.ai/public_html/wp-includes/theme-previews.php",
        "/home/customer/www/peoplerun.ai/public_html/wp-includes/template.php",
        "/home/customer/www/peoplerun.ai/public_html/wp-includes/https-detection.php",
        "/home/customer/www/peoplerun.ai/public_html/wp-includes/https-migration.php",
        "/home/customer/www/peoplerun.ai/public_html/wp-includes/class-wp-user-request.php",
        "/home/customer/www/peoplerun.ai/public_html/wp-includes/user.php",
        "/home/customer/www/peoplerun.ai/public_html/wp-includes/class-wp-user-query.php",
        "/home/customer/www/peoplerun.ai/public_html/wp-includes/class-wp-session-tokens.php",
        "/home/customer/www/peoplerun.ai/public_html/wp-includes/class-wp-user-meta-session-tokens.php",
        "/home/customer/www/peoplerun.ai/public_html/wp-includes/general-template.php",
        "/home/customer/www/peoplerun.ai/public_html/wp-includes/link-template.php",
        "/home/customer/www/peoplerun.ai/public_html/wp-includes/author-template.php",
        "/home/customer/www/peoplerun.ai/public_html/wp-includes/robots-template.php",
        "/home/customer/www/peoplerun.ai/public_html/wp-includes/post.php",
        "/home/customer/www/peoplerun.ai/public_html/wp-includes/class-walker-page.php",
        "/home/customer/www/peoplerun.ai/public_html/wp-includes/class-walker-page-dropdown.php",
        "/home/customer/www/peoplerun.ai/public_html/wp-includes/class-wp-post-type.php",
        "/home/customer/www/peoplerun.ai/public_html/wp-includes/class-wp-post.php",
        "/home/customer/www/peoplerun.ai/public_html/wp-includes/post-template.php",
        "/home/customer/www/peoplerun.ai/public_html/wp-includes/revision.php",
        "/home/customer/www/peoplerun.ai/public_html/wp-includes/post-formats.php",
        "/home/customer/www/peoplerun.ai/public_html/wp-includes/post-thumbnail-template.php",
        "/home/customer/www/peoplerun.ai/public_html/wp-includes/category.php",
        "/home/customer/www/peoplerun.ai/public_html/wp-includes/class-walker-category.php",
        "/home/customer/www/peoplerun.ai/public_html/wp-includes/class-walker-category-dropdown.php",
        "/home/customer/www/peoplerun.ai/public_html/wp-includes/category-template.php",
        "/home/customer/www/peoplerun.ai/public_html/wp-includes/comment.php",
        "/home/customer/www/peoplerun.ai/public_html/wp-includes/class-wp-comment.php",
        "/home/customer/www/peoplerun.ai/public_html/wp-includes/class-wp-comment-query.php",
        "/home/customer/www/peoplerun.ai/public_html/wp-includes/class-walker-comment.php",
        "/home/customer/www/peoplerun.ai/public_html/wp-includes/comment-template.php",
        "/home/customer/www/peoplerun.ai/public_html/wp-includes/rewrite.php",
        "/home/customer/www/peoplerun.ai/public_html/wp-includes/class-wp-rewrite.php",
        "/home/customer/www/peoplerun.ai/public_html/wp-includes/feed.php",
        "/home/customer/www/peoplerun.ai/public_html/wp-includes/bookmark.php",
        "/home/customer/www/peoplerun.ai/public_html/wp-includes/bookmark-template.php",
        "/home/customer/www/peoplerun.ai/public_html/wp-includes/kses.php",
        "/home/customer/www/peoplerun.ai/public_html/wp-includes/cron.php",
        "/home/customer/www/peoplerun.ai/public_html/wp-includes/deprecated.php",
        "/home/customer/www/peoplerun.ai/public_html/wp-includes/script-loader.php",
        "/home/customer/www/peoplerun.ai/public_html/wp-includes/class-wp-dependency.php",
        "/home/customer/www/peoplerun.ai/public_html/wp-includes/class-wp-dependencies.php",
        "/home/customer/www/peoplerun.ai/public_html/wp-includes/class-wp-scripts.php",
        "/home/customer/www/peoplerun.ai/public_html/wp-includes/functions.wp-scripts.php",
        "/home/customer/www/peoplerun.ai/public_html/wp-includes/class-wp-styles.php",
        "/home/customer/www/peoplerun.ai/public_html/wp-includes/functions.wp-styles.php",
        "/home/customer/www/peoplerun.ai/public_html/wp-includes/taxonomy.php"
    ],
    "backtrace": [
        {
            "file": "/home/customer/www/peoplerun.ai/public_html/wp-content/mu-plugins/debug-wp-rewrite-verbose.php",
            "line": 56,
            "function": "{closure}",
            "class": null
        },
        {
            "file": "/home/customer/www/peoplerun.ai/public_html/wp-settings.php",
            "line": 471,
            "function": "include_once",
            "class": null
        },
        {
            "file": "/home/customer/www/peoplerun.ai/public_html/wp-config.php",
            "line": 132,
            "function": "require_once",
            "class": null
        },
        {
            "file": "/home/customer/www/peoplerun.ai/public_html/wp-load.php",
            "line": 50,
            "function": "require_once",
            "class": null
        },
        {
            "file": "Command line code",
            "line": 1,
            "function": "require",
            "class": null
        }
    ],
    "env": {
        "SAPI": "cli",
        "argv": [
            "Standard input code"
        ]
    }
}
{
    "ts": "2026-02-24T23:25:14+00:00",
    "stage": "muplugins_loaded",
    "type": "NULL",
    "preview": null,
    "memory_get_usage": 27068920,
    "included_files_count": 396,
    "included_files": [
        "/home/customer/www/peoplerun.ai/public_html/wp-load.php",
        "/home/customer/www/peoplerun.ai/public_html/wp-config.php",
        "/var/lib/sec/wp-settings-pre.php",
        "/home/customer/www/peoplerun.ai/public_html/wp-settings.php",
        "/home/customer/www/peoplerun.ai/public_html/wp-includes/version.php",
        "/home/customer/www/peoplerun.ai/public_html/wp-includes/compat-utf8.php",
        "/home/customer/www/peoplerun.ai/public_html/wp-includes/compat.php",
        "/home/customer/www/peoplerun.ai/public_html/wp-includes/load.php",
        "/home/customer/www/peoplerun.ai/public_html/wp-includes/class-wp-paused-extensions-storage.php",
        "/home/customer/www/peoplerun.ai/public_html/wp-includes/class-wp-exception.php",
        "/home/customer/www/peoplerun.ai/public_html/wp-includes/class-wp-fatal-error-handler.php",
        "/home/customer/www/peoplerun.ai/public_html/wp-includes/class-wp-recovery-mode-cookie-service.php",
        "/home/customer/www/peoplerun.ai/public_html/wp-includes/class-wp-recovery-mode-key-service.php",
        "/home/customer/www/peoplerun.ai/public_html/wp-includes/class-wp-recovery-mode-link-service.php",
        "/home/customer/www/peoplerun.ai/public_html/wp-includes/class-wp-recovery-mode-email-service.php",
        "/home/customer/www/peoplerun.ai/public_html/wp-includes/class-wp-recovery-mode.php",
        "/home/customer/www/peoplerun.ai/public_html/wp-includes/error-protection.php",
        "/home/customer/www/peoplerun.ai/public_html/wp-includes/default-constants.php",
        "/home/customer/www/peoplerun.ai/public_html/wp-includes/plugin.php",
        "/home/customer/www/peoplerun.ai/public_html/wp-includes/class-wp-hook.php",
        "/home/customer/www/peoplerun.ai/public_html/wp-includes/class-wp-list-util.php",
        "/home/customer/www/peoplerun.ai/public_html/wp-includes/class-wp-token-map.php",
        "/home/customer/www/peoplerun.ai/public_html/wp-includes/utf8.php",
        "/home/customer/www/peoplerun.ai/public_html/wp-includes/formatting.php",
        "/home/customer/www/peoplerun.ai/public_html/wp-includes/meta.php",
        "/home/customer/www/peoplerun.ai/public_html/wp-includes/class-wp-metadata-lazyloader.php",
        "/home/customer/www/peoplerun.ai/public_html/wp-includes/functions.php",
        "/home/customer/www/peoplerun.ai/public_html/wp-includes/option.php",
        "/home/customer/www/peoplerun.ai/public_html/wp-includes/class-wp-meta-query.php",
        "/home/customer/www/peoplerun.ai/public_html/wp-includes/class-wp-matchesmapregex.php",
        "/home/customer/www/peoplerun.ai/public_html/wp-includes/class-wp.php",
        "/home/customer/www/peoplerun.ai/public_html/wp-includes/class-wp-error.php",
        "/home/customer/www/peoplerun.ai/public_html/wp-includes/pomo/mo.php",
        "/home/customer/www/peoplerun.ai/public_html/wp-includes/pomo/translations.php",
        "/home/customer/www/peoplerun.ai/public_html/wp-includes/pomo/plural-forms.php",
        "/home/customer/www/peoplerun.ai/public_html/wp-includes/pomo/entry.php",
        "/home/customer/www/peoplerun.ai/public_html/wp-includes/pomo/streams.php",
        "/home/customer/www/peoplerun.ai/public_html/wp-includes/l10n/class-wp-translation-controller.php",
        "/home/customer/www/peoplerun.ai/public_html/wp-includes/l10n/class-wp-translations.php",
        "/home/customer/www/peoplerun.ai/public_html/wp-includes/l10n/class-wp-translation-file.php",
        "/home/customer/www/peoplerun.ai/public_html/wp-includes/l10n/class-wp-translation-file-mo.php",
        "/home/customer/www/peoplerun.ai/public_html/wp-includes/l10n/class-wp-translation-file-php.php",
        "/home/customer/www/peoplerun.ai/public_html/wp-includes/class-wpdb.php",
        "/home/customer/www/peoplerun.ai/public_html/wp-includes/cache.php",
        "/home/customer/www/peoplerun.ai/public_html/wp-includes/class-wp-object-cache.php",
        "/home/customer/www/peoplerun.ai/public_html/wp-includes/cache-compat.php",
        "/home/customer/www/peoplerun.ai/public_html/wp-includes/default-filters.php",
        "/home/customer/www/peoplerun.ai/public_html/wp-includes/l10n.php",
        "/home/customer/www/peoplerun.ai/public_html/wp-includes/class-wp-textdomain-registry.php",
        "/home/customer/www/peoplerun.ai/public_html/wp-includes/class-wp-locale.php",
        "/home/customer/www/peoplerun.ai/public_html/wp-includes/class-wp-locale-switcher.php",
        "/home/customer/www/peoplerun.ai/public_html/wp-includes/class-wp-walker.php",
        "/home/customer/www/peoplerun.ai/public_html/wp-includes/class-wp-ajax-response.php",
        "/home/customer/www/peoplerun.ai/public_html/wp-includes/capabilities.php",
        "/home/customer/www/peoplerun.ai/public_html/wp-includes/class-wp-roles.php",
        "/home/customer/www/peoplerun.ai/public_html/wp-includes/class-wp-role.php",
        "/home/customer/www/peoplerun.ai/public_html/wp-includes/class-wp-user.php",
        "/home/customer/www/peoplerun.ai/public_html/wp-includes/class-wp-query.php",
        "/home/customer/www/peoplerun.ai/public_html/wp-includes/query.php",
        "/home/customer/www/peoplerun.ai/public_html/wp-includes/class-wp-date-query.php",
        "/home/customer/www/peoplerun.ai/public_html/wp-includes/theme.php",
        "/home/customer/www/peoplerun.ai/public_html/wp-includes/class-wp-theme.php",
        "/home/customer/www/peoplerun.ai/public_html/wp-includes/class-wp-theme-json-schema.php",
        "/home/customer/www/peoplerun.ai/public_html/wp-includes/class-wp-theme-json-data.php",
        "/home/customer/www/peoplerun.ai/public_html/wp-includes/class-wp-theme-json.php",
        "/home/customer/www/peoplerun.ai/public_html/wp-includes/class-wp-theme-json-resolver.php",
        "/home/customer/www/peoplerun.ai/public_html/wp-includes/class-wp-duotone.php",
        "/home/customer/www/peoplerun.ai/public_html/wp-includes/global-styles-and-settings.php",
        "/home/customer/www/peoplerun.ai/public_html/wp-includes/class-wp-block-template.php",
        "/home/customer/www/peoplerun.ai/public_html/wp-includes/class-wp-block-templates-registry.php",
        "/home/customer/www/peoplerun.ai/public_html/wp-includes/block-template-utils.php",
        "/home/customer/www/peoplerun.ai/public_html/wp-includes/block-template.php",
        "/home/customer/www/peoplerun.ai/public_html/wp-includes/theme-templates.php",
        "/home/customer/www/peoplerun.ai/public_html/wp-includes/theme-previews.php",
        "/home/customer/www/peoplerun.ai/public_html/wp-includes/template.php",
        "/home/customer/www/peoplerun.ai/public_html/wp-includes/https-detection.php",
        "/home/customer/www/peoplerun.ai/public_html/wp-includes/https-migration.php",
        "/home/customer/www/peoplerun.ai/public_html/wp-includes/class-wp-user-request.php",
        "/home/customer/www/peoplerun.ai/public_html/wp-includes/user.php",
        "/home/customer/www/peoplerun.ai/public_html/wp-includes/class-wp-user-query.php",
        "/home/customer/www/peoplerun.ai/public_html/wp-includes/class-wp-session-tokens.php",
        "/home/customer/www/peoplerun.ai/public_html/wp-includes/class-wp-user-meta-session-tokens.php",
        "/home/customer/www/peoplerun.ai/public_html/wp-includes/general-template.php",
        "/home/customer/www/peoplerun.ai/public_html/wp-includes/link-template.php",
        "/home/customer/www/peoplerun.ai/public_html/wp-includes/author-template.php",
        "/home/customer/www/peoplerun.ai/public_html/wp-includes/robots-template.php",
        "/home/customer/www/peoplerun.ai/public_html/wp-includes/post.php",
        "/home/customer/www/peoplerun.ai/public_html/wp-includes/class-walker-page.php",
        "/home/customer/www/peoplerun.ai/public_html/wp-includes/class-walker-page-dropdown.php",
        "/home/customer/www/peoplerun.ai/public_html/wp-includes/class-wp-post-type.php",
        "/home/customer/www/peoplerun.ai/public_html/wp-includes/class-wp-post.php",
        "/home/customer/www/peoplerun.ai/public_html/wp-includes/post-template.php",
        "/home/customer/www/peoplerun.ai/public_html/wp-includes/revision.php",
        "/home/customer/www/peoplerun.ai/public_html/wp-includes/post-formats.php",
        "/home/customer/www/peoplerun.ai/public_html/wp-includes/post-thumbnail-template.php",
        "/home/customer/www/peoplerun.ai/public_html/wp-includes/category.php",
        "/home/customer/www/peoplerun.ai/public_html/wp-includes/class-walker-category.php",
        "/home/customer/www/peoplerun.ai/public_html/wp-includes/class-walker-category-dropdown.php",
        "/home/customer/www/peoplerun.ai/public_html/wp-includes/category-template.php",
        "/home/customer/www/peoplerun.ai/public_html/wp-includes/comment.php",
        "/home/customer/www/peoplerun.ai/public_html/wp-includes/class-wp-comment.php",
        "/home/customer/www/peoplerun.ai/public_html/wp-includes/class-wp-comment-query.php",
        "/home/customer/www/peoplerun.ai/public_html/wp-includes/class-walker-comment.php",
        "/home/customer/www/peoplerun.ai/public_html/wp-includes/comment-template.php",
        "/home/customer/www/peoplerun.ai/public_html/wp-includes/rewrite.php",
        "/home/customer/www/peoplerun.ai/public_html/wp-includes/class-wp-rewrite.php",
        "/home/customer/www/peoplerun.ai/public_html/wp-includes/feed.php",
        "/home/customer/www/peoplerun.ai/public_html/wp-includes/bookmark.php",
        "/home/customer/www/peoplerun.ai/public_html/wp-includes/bookmark-template.php",
        "/home/customer/www/peoplerun.ai/public_html/wp-includes/kses.php",
        "/home/customer/www/peoplerun.ai/public_html/wp-includes/cron.php",
        "/home/customer/www/peoplerun.ai/public_html/wp-includes/deprecated.php",
        "/home/customer/www/peoplerun.ai/public_html/wp-includes/script-loader.php",
        "/home/customer/www/peoplerun.ai/public_html/wp-includes/class-wp-dependency.php",
        "/home/customer/www/peoplerun.ai/public_html/wp-includes/class-wp-dependencies.php",
        "/home/customer/www/peoplerun.ai/public_html/wp-includes/class-wp-scripts.php",
        "/home/customer/www/peoplerun.ai/public_html/wp-includes/functions.wp-scripts.php",
        "/home/customer/www/peoplerun.ai/public_html/wp-includes/class-wp-styles.php",
        "/home/customer/www/peoplerun.ai/public_html/wp-includes/functions.wp-styles.php",
        "/home/customer/www/peoplerun.ai/public_html/wp-includes/taxonomy.php"
    ],
    "backtrace": [
        {
            "file": "/home/customer/www/peoplerun.ai/public_html/wp-content/mu-plugins/debug-wp-rewrite-verbose.php",
            "line": 48,
            "function": "{closure}",
            "class": null
        },
        {
            "file": "/home/customer/www/peoplerun.ai/public_html/wp-includes/class-wp-hook.php",
            "line": 341,
            "function": "{closure}",
            "class": null
        },
        {
            "file": "/home/customer/www/peoplerun.ai/public_html/wp-includes/class-wp-hook.php",
            "line": 365,
            "function": "apply_filters",
            "class": "WP_Hook"
        },
        {
            "file": "/home/customer/www/peoplerun.ai/public_html/wp-includes/plugin.php",
            "line": 522,
            "function": "do_action",
            "class": "WP_Hook"
        },
        {
            "file": "/home/customer/www/peoplerun.ai/public_html/wp-settings.php",
            "line": 511,
            "function": "do_action",
            "class": null
        },
        {
            "file": "/home/customer/www/peoplerun.ai/public_html/wp-config.php",
            "line": 132,
            "function": "require_once",
            "class": null
        },
        {
            "file": "/home/customer/www/peoplerun.ai/public_html/wp-load.php",
            "line": 50,
            "function": "require_once",
            "class": null
        },
        {
            "file": "Command line code",
            "line": 1,
            "function": "require",
            "class": null
        }
    ],
    "env": {
        "SAPI": "cli",
        "argv": [
            "Standard input code"
        ]
    }
}
{
    "ts": "2026-02-24T23:25:14+00:00",
    "stage": "plugins_loaded",
    "type": "NULL",
    "preview": null,
    "memory_get_usage": 28487936,
    "included_files_count": 421,
    "included_files": [
        "/home/customer/www/peoplerun.ai/public_html/wp-load.php",
        "/home/customer/www/peoplerun.ai/public_html/wp-config.php",
        "/var/lib/sec/wp-settings-pre.php",
        "/home/customer/www/peoplerun.ai/public_html/wp-settings.php",
        "/home/customer/www/peoplerun.ai/public_html/wp-includes/version.php",
        "/home/customer/www/peoplerun.ai/public_html/wp-includes/compat-utf8.php",
        "/home/customer/www/peoplerun.ai/public_html/wp-includes/compat.php",
        "/home/customer/www/peoplerun.ai/public_html/wp-includes/load.php",
        "/home/customer/www/peoplerun.ai/public_html/wp-includes/class-wp-paused-extensions-storage.php",
        "/home/customer/www/peoplerun.ai/public_html/wp-includes/class-wp-exception.php",
        "/home/customer/www/peoplerun.ai/public_html/wp-includes/class-wp-fatal-error-handler.php",
        "/home/customer/www/peoplerun.ai/public_html/wp-includes/class-wp-recovery-mode-cookie-service.php",
        "/home/customer/www/peoplerun.ai/public_html/wp-includes/class-wp-recovery-mode-key-service.php",
        "/home/customer/www/peoplerun.ai/public_html/wp-includes/class-wp-recovery-mode-link-service.php",
        "/home/customer/www/peoplerun.ai/public_html/wp-includes/class-wp-recovery-mode-email-service.php",
        "/home/customer/www/peoplerun.ai/public_html/wp-includes/class-wp-recovery-mode.php",
        "/home/customer/www/peoplerun.ai/public_html/wp-includes/error-protection.php",
        "/home/customer/www/peoplerun.ai/public_html/wp-includes/default-constants.php",
        "/home/customer/www/peoplerun.ai/public_html/wp-includes/plugin.php",
        "/home/customer/www/peoplerun.ai/public_html/wp-includes/class-wp-hook.php",
        "/home/customer/www/peoplerun.ai/public_html/wp-includes/class-wp-list-util.php",
        "/home/customer/www/peoplerun.ai/public_html/wp-includes/class-wp-token-map.php",
        "/home/customer/www/peoplerun.ai/public_html/wp-includes/utf8.php",
        "/home/customer/www/peoplerun.ai/public_html/wp-includes/formatting.php",
        "/home/customer/www/peoplerun.ai/public_html/wp-includes/meta.php",
        "/home/customer/www/peoplerun.ai/public_html/wp-includes/class-wp-metadata-lazyloader.php",
        "/home/customer/www/peoplerun.ai/public_html/wp-includes/functions.php",
        "/home/customer/www/peoplerun.ai/public_html/wp-includes/option.php",
        "/home/customer/www/peoplerun.ai/public_html/wp-includes/class-wp-meta-query.php",
        "/home/customer/www/peoplerun.ai/public_html/wp-includes/class-wp-matchesmapregex.php",
        "/home/customer/www/peoplerun.ai/public_html/wp-includes/class-wp.php",
        "/home/customer/www/peoplerun.ai/public_html/wp-includes/class-wp-error.php",
        "/home/customer/www/peoplerun.ai/public_html/wp-includes/pomo/mo.php",
        "/home/customer/www/peoplerun.ai/public_html/wp-includes/pomo/translations.php",
        "/home/customer/www/peoplerun.ai/public_html/wp-includes/pomo/plural-forms.php",
        "/home/customer/www/peoplerun.ai/public_html/wp-includes/pomo/entry.php",
        "/home/customer/www/peoplerun.ai/public_html/wp-includes/pomo/streams.php",
        "/home/customer/www/peoplerun.ai/public_html/wp-includes/l10n/class-wp-translation-controller.php",
        "/home/customer/www/peoplerun.ai/public_html/wp-includes/l10n/class-wp-translations.php",
        "/home/customer/www/peoplerun.ai/public_html/wp-includes/l10n/class-wp-translation-file.php",
        "/home/customer/www/peoplerun.ai/public_html/wp-includes/l10n/class-wp-translation-file-mo.php",
        "/home/customer/www/peoplerun.ai/public_html/wp-includes/l10n/class-wp-translation-file-php.php",
        "/home/customer/www/peoplerun.ai/public_html/wp-includes/class-wpdb.php",
        "/home/customer/www/peoplerun.ai/public_html/wp-includes/cache.php",
        "/home/customer/www/peoplerun.ai/public_html/wp-includes/class-wp-object-cache.php",
        "/home/customer/www/peoplerun.ai/public_html/wp-includes/cache-compat.php",
        "/home/customer/www/peoplerun.ai/public_html/wp-includes/default-filters.php",
        "/home/customer/www/peoplerun.ai/public_html/wp-includes/l10n.php",
        "/home/customer/www/peoplerun.ai/public_html/wp-includes/class-wp-textdomain-registry.php",
        "/home/customer/www/peoplerun.ai/public_html/wp-includes/class-wp-locale.php",
        "/home/customer/www/peoplerun.ai/public_html/wp-includes/class-wp-locale-switcher.php",
        "/home/customer/www/peoplerun.ai/public_html/wp-includes/class-wp-walker.php",
        "/home/customer/www/peoplerun.ai/public_html/wp-includes/class-wp-ajax-response.php",
        "/home/customer/www/peoplerun.ai/public_html/wp-includes/capabilities.php",
        "/home/customer/www/peoplerun.ai/public_html/wp-includes/class-wp-roles.php",
        "/home/customer/www/peoplerun.ai/public_html/wp-includes/class-wp-role.php",
        "/home/customer/www/peoplerun.ai/public_html/wp-includes/class-wp-user.php",
        "/home/customer/www/peoplerun.ai/public_html/wp-includes/class-wp-query.php",
        "/home/customer/www/peoplerun.ai/public_html/wp-includes/query.php",
        "/home/customer/www/peoplerun.ai/public_html/wp-includes/class-wp-date-query.php",
        "/home/customer/www/peoplerun.ai/public_html/wp-includes/theme.php",
        "/home/customer/www/peoplerun.ai/public_html/wp-includes/class-wp-theme.php",
        "/home/customer/www/peoplerun.ai/public_html/wp-includes/class-wp-theme-json-schema.php",
        "/home/customer/www/peoplerun.ai/public_html/wp-includes/class-wp-theme-json-data.php",
        "/home/customer/www/peoplerun.ai/public_html/wp-includes/class-wp-theme-json.php",
        "/home/customer/www/peoplerun.ai/public_html/wp-includes/class-wp-theme-json-resolver.php",
        "/home/customer/www/peoplerun.ai/public_html/wp-includes/class-wp-duotone.php",
        "/home/customer/www/peoplerun.ai/public_html/wp-includes/global-styles-and-settings.php",
        "/home/customer/www/peoplerun.ai/public_html/wp-includes/class-wp-block-template.php",
        "/home/customer/www/peoplerun.ai/public_html/wp-includes/class-wp-block-templates-registry.php",
        "/home/customer/www/peoplerun.ai/public_html/wp-includes/block-template-utils.php",
        "/home/customer/www/peoplerun.ai/public_html/wp-includes/block-template.php",
        "/home/customer/www/peoplerun.ai/public_html/wp-includes/theme-templates.php",
        "/home/customer/www/peoplerun.ai/public_html/wp-includes/theme-previews.php",
        "/home/customer/www/peoplerun.ai/public_html/wp-includes/template.php",
        "/home/customer/www/peoplerun.ai/public_html/wp-includes/https-detection.php",
        "/home/customer/www/peoplerun.ai/public_html/wp-includes/https-migration.php",
        "/home/customer/www/peoplerun.ai/public_html/wp-includes/class-wp-user-request.php",
        "/home/customer/www/peoplerun.ai/public_html/wp-includes/user.php",
        "/home/customer/www/peoplerun.ai/public_html/wp-includes/class-wp-user-query.php",
        "/home/customer/www/peoplerun.ai/public_html/wp-includes/class-wp-session-tokens.php",
        "/home/customer/www/peoplerun.ai/public_html/wp-includes/class-wp-user-meta-session-tokens.php",
        "/home/customer/www/peoplerun.ai/public_html/wp-includes/general-template.php",
        "/home/customer/www/peoplerun.ai/public_html/wp-includes/link-template.php",
        "/home/customer/www/peoplerun.ai/public_html/wp-includes/author-template.php",
        "/home/customer/www/peoplerun.ai/public_html/wp-includes/robots-template.php",
        "/home/customer/www/peoplerun.ai/public_html/wp-includes/post.php",
        "/home/customer/www/peoplerun.ai/public_html/wp-includes/class-walker-page.php",
        "/home/customer/www/peoplerun.ai/public_html/wp-includes/class-walker-page-dropdown.php",
        "/home/customer/www/peoplerun.ai/public_html/wp-includes/class-wp-post-type.php",
        "/home/customer/www/peoplerun.ai/public_html/wp-includes/class-wp-post.php",
        "/home/customer/www/peoplerun.ai/public_html/wp-includes/post-template.php",
        "/home/customer/www/peoplerun.ai/public_html/wp-includes/revision.php",
        "/home/customer/www/peoplerun.ai/public_html/wp-includes/post-formats.php",
        "/home/customer/www/peoplerun.ai/public_html/wp-includes/post-thumbnail-template.php",
        "/home/customer/www/peoplerun.ai/public_html/wp-includes/category.php",
        "/home/customer/www/peoplerun.ai/public_html/wp-includes/class-walker-category.php",
        "/home/customer/www/peoplerun.ai/public_html/wp-includes/class-walker-category-dropdown.php",
        "/home/customer/www/peoplerun.ai/public_html/wp-includes/category-template.php",
        "/home/customer/www/peoplerun.ai/public_html/wp-includes/comment.php",
        "/home/customer/www/peoplerun.ai/public_html/wp-includes/class-wp-comment.php",
        "/home/customer/www/peoplerun.ai/public_html/wp-includes/class-wp-comment-query.php",
        "/home/customer/www/peoplerun.ai/public_html/wp-includes/class-walker-comment.php",
        "/home/customer/www/peoplerun.ai/public_html/wp-includes/comment-template.php",
        "/home/customer/www/peoplerun.ai/public_html/wp-includes/rewrite.php",
        "/home/customer/www/peoplerun.ai/public_html/wp-includes/class-wp-rewrite.php",
        "/home/customer/www/peoplerun.ai/public_html/wp-includes/feed.php",
        "/home/customer/www/peoplerun.ai/public_html/wp-includes/bookmark.php",
        "/home/customer/www/peoplerun.ai/public_html/wp-includes/bookmark-template.php",
        "/home/customer/www/peoplerun.ai/public_html/wp-includes/kses.php",
        "/home/customer/www/peoplerun.ai/public_html/wp-includes/cron.php",
        "/home/customer/www/peoplerun.ai/public_html/wp-includes/deprecated.php",
        "/home/customer/www/peoplerun.ai/public_html/wp-includes/script-loader.php",
        "/home/customer/www/peoplerun.ai/public_html/wp-includes/class-wp-dependency.php",
        "/home/customer/www/peoplerun.ai/public_html/wp-includes/class-wp-dependencies.php",
        "/home/customer/www/peoplerun.ai/public_html/wp-includes/class-wp-scripts.php",
        "/home/customer/www/peoplerun.ai/public_html/wp-includes/functions.wp-scripts.php",
        "/home/customer/www/peoplerun.ai/public_html/wp-includes/class-wp-styles.php",
        "/home/customer/www/peoplerun.ai/public_html/wp-includes/functions.wp-styles.php",
        "/home/customer/www/peoplerun.ai/public_html/wp-includes/taxonomy.php"
    ],
    "backtrace": [
        {
            "file": "/home/customer/www/peoplerun.ai/public_html/wp-content/mu-plugins/debug-wp-rewrite-verbose.php",
            "line": 49,
            "function": "{closure}",
            "class": null
        },
        {
            "file": "/home/customer/www/peoplerun.ai/public_html/wp-includes/class-wp-hook.php",
            "line": 341,
            "function": "{closure}",
            "class": null
        },
        {
            "file": "/home/customer/www/peoplerun.ai/public_html/wp-includes/class-wp-hook.php",
            "line": 365,
            "function": "apply_filters",
            "class": "WP_Hook"
        },
        {
            "file": "/home/customer/www/peoplerun.ai/public_html/wp-includes/plugin.php",
            "line": 522,
            "function": "do_action",
            "class": "WP_Hook"
        },
        {
            "file": "/home/customer/www/peoplerun.ai/public_html/wp-settings.php",
            "line": 593,
            "function": "do_action",
            "class": null
        },
        {
            "file": "/home/customer/www/peoplerun.ai/public_html/wp-config.php",
            "line": 132,
            "function": "require_once",
            "class": null
        },
        {
            "file": "/home/customer/www/peoplerun.ai/public_html/wp-load.php",
            "line": 50,
            "function": "require_once",
            "class": null
        },
        {
            "file": "Command line code",
            "line": 1,
            "function": "require",
            "class": null
        }
    ],
    "env": {
        "SAPI": "cli",
        "argv": [
            "Standard input code"
        ]
    }
}
